USE Biblioteca;
#OGNI DIPARTIMENTO HA LA PROPRIA BIBLIOTECA LO DICE IL TESTO
INSERT INTO DIPARTIMENTO VALUES('Architettura','Via Giara','36','44121','Ferrara');
INSERT INTO DIPARTIMENTO VALUES('Economia e management','Via Voltapaletto','11','44121','Ferrara');
INSERT INTO DIPARTIMENTO VALUES('Fisica e Scienze della Terra','Via Saragat','1','44122','Ferrara');
INSERT INTO DIPARTIMENTO VALUES('Giurisprudenza','Corso Ercole I d\'Este','37','44121','Ferrara');
INSERT INTO DIPARTIMENTO VALUES('Ingegneria','Via Saragat','1','44122','Ferrara');
INSERT INTO DIPARTIMENTO VALUES('Matematica e Informatica','Via Macchiavelli','30','44121','Ferrara');
INSERT INTO DIPARTIMENTO VALUES('Morfologia, chirurgia e medicina sperimentale','Via Luigi Borsari','46','44121','Ferrara');
INSERT INTO DIPARTIMENTO VALUES('Scienze biomediche e chirurgico specialistiche','Via Luigi Borsari','46','44121','Ferrara');
INSERT INTO DIPARTIMENTO VALUES('Scienze chimiche e farmaceutiche','Via Luigi Borsari','46','44121','Ferrara');
INSERT INTO DIPARTIMENTO VALUES('Scienze della vita e biotecnologie','Via Luigi Borsari','46','44121','Ferrara');
INSERT INTO DIPARTIMENTO VALUES('Scienze mediche','Via Fossato di Mortara','64/B','44121','Ferrara');
INSERT INTO DIPARTIMENTO VALUES('Studi umanistici','Via LParadiso','12','44121','Ferrara');
INSERT INTO DIPARTIMENTO VALUES('Facoltà di Medicina, Farmacia e Prevenzione', 'Via Fossato di Mortara','70','44121','Ferrara');


INSERT INTO EDITORE VALUES(1,'Apogeo','02-3596681','Via Andegari','6','20121','Milano');
INSERT INTO EDITORE VALUES(2,'Pearson Italia','011-75021510','Corso Trapani','16','10139','Torino');
INSERT INTO EDITORE VALUES(3,'Tecniche Nuove','02-390901','Via Eritrea','21','20157','Milano');
INSERT INTO EDITORE VALUES(4,'Packt Publishing','903-259-1261', 'Tennessee Circle','4','89654','Boston');
INSERT INTO EDITORE VALUES(5,'Addison-Wesley','638-435-4004','Coolidge Junction','12','7030','Oboken');
INSERT INTO EDITORE VALUES(6,'Pst Edizioni','02-546722','Via degli Editori Riuniti','8','20157','Milano');
INSERT INTO EDITORE VALUES(7,'Dunning Editions','16-339-1269','Dunning Drive','988','23445','Lawrance');
INSERT INTO EDITORE VALUES(8,'Europa Edizioni','02-835610','Via degli Editori Riuniti','34','20157','Milano');
INSERT INTO EDITORE VALUES(9,'Plaza Publicacionès','03-567234','Strada Grande','944','2264','Madrid');
INSERT INTO EDITORE VALUES(10,'Meaning','309-306-5066','Lakewood Gardens Place','8734','28063','New York');

#SI AMMETTE CHE IL DB DELL'Università abbia gia I dati di tutti gli studenti anche se non hanno mai effettuato un prestito


INSERT INTO STUDENTE VALUES('0000100001','Saveria','Mancini','0521-2555-72','Viale Vesuvio','9','48121','Ravenna');
INSERT INTO STUDENTE VALUES('0000100002','Stefano','Colombo','0525-5556-05','Viale Accademia','46','45100','Rovigo');
INSERT INTO STUDENTE VALUES('0000100003','Ennio','Barbieri','0984-5554-872','Piazza Raffaello','55','44121','Ferrara');
INSERT INTO STUDENTE VALUES('0000100004','Umberto','Mason','0578-5559-61','Piazza Raffaello','16','44121','Ferrara');
INSERT INTO STUDENTE VALUES('0000100005','Venceslao','Mancini','0578-5555-4442','Corso Goffredo Mameli','5','44121','Ferrara');
INSERT INTO STUDENTE VALUES('0000100006','Agatino','Mason','055-5554-07','Via Giulio Cesare','5','44121','Ferrara');
INSERT INTO STUDENTE VALUES('0000100007','Carola','Miller','0141-5556-1973','Corso Marco Polo','64','35121','Padova');
INSERT INTO STUDENTE VALUES('0000100008','Pio','Greco','05345553-1334','Piazza Magellano','10','30100','Venezia');
INSERT INTO STUDENTE VALUES('0000100009','Stella','Miller','0544-0155-5137','Viale Cesare Battisti','21','48121','Ravenna');
INSERT INTO STUDENTE VALUES('0000100010','Cornelia','Mason','0584-0555-61','Viale Goffredo Mameli','58','41121','Modena');
INSERT INTO STUDENTE VALUES('0000100011','Henryk','Perez','0545-0155-543','Piazza Augusto','48','35121','Padova');
INSERT INTO STUDENTE VALUES('0000100012','Henryk','Mitchell','0985-2555-495','Corso Traiano','67','40121','Bologna');
INSERT INTO STUDENTE VALUES('0000100013','Regina','Rinaldi','051-5558-2398','Viale Virgilio','30','35121','Padova');
INSERT INTO STUDENTE VALUES('0000100014','Vincenza','Mancini','055-1555-4182','Viale Accademia','16','48121','Ravenna');
INSERT INTO STUDENTE VALUES('0000100015','Pio','Perez','0566-5558-37','Viale Foscolo','59','44121','Ferrara');
INSERT INTO STUDENTE VALUES('0000100016','Carola','Mancini','0985-5552-50','Viale Garibaldi','63','35121','Padova');
INSERT INTO STUDENTE VALUES('0000100017','Stefano','Lombardi','0535-5553-02','Piazza Roma','19','41121','Modena');
INSERT INTO STUDENTE VALUES('0000100018','Carola','Gallo','0577-5553-480','Piazza Dante','60','48121','Ravenna');
INSERT INTO STUDENTE VALUES('0000100019','Nikole','Fontana','0583-5555-4442','Via Augusto','68','30100','Venezia');
INSERT INTO STUDENTE VALUES('0000100020','Venceslao','Fontana','04225553-1334','Via Don Bosco','68','45100','Rovigo');
INSERT INTO STUDENTE VALUES('0000100021','Umberto','Mitchell','0583-5556-1973','Piazza Roma','25','36100','Vicenza');
INSERT INTO STUDENTE VALUES('0000100022','Nikole','Russo','0573-5559-61','Corso Dante','34','48121','Ravenna');
INSERT INTO STUDENTE VALUES('0000100023','Loris','Lombardi','0536-5554-07','Viale Goffredo Mameli','47','36100','Vicenza');
INSERT INTO STUDENTE VALUES('0000100024','Carola','Mancini','0521-5553-02','Piazza Virgilio','19','45100','Rovigo');
INSERT INTO STUDENTE VALUES('0000100025','Agatino','Fontana','0422-5558-037','Corso Cristoforo Colombo','19','45100','Rovigo');
INSERT INTO STUDENTE VALUES('0000100026','Tommaso','Barbieri','0166-2555-72','Corso Vesuvio','37','44121','Ferrara');
INSERT INTO STUDENTE VALUES('0000100027','Edmond','Fontana','0578-5555-4947','Piazza Costantino','1','30100','Venezia');
INSERT INTO STUDENTE VALUES('0000100028','Loris','Mason','0541-5554-1932','Via Vesuvio','19','36100','Vicenza');
INSERT INTO STUDENTE VALUES('0000100029','Tommaso','Gallo','0161-1555-25','Viale Roma','38','48121','Ravenna');
INSERT INTO STUDENTE VALUES('0000100030','Ennio','Mitchell','0171-5555-4947','Via Marco Polo','26','40121','Bologna');
INSERT INTO STUDENTE VALUES('0000100031','Vincenza','Barbieri','0523-0155-543','Piazza Marco Polo','78','40121','Bologna');
INSERT INTO STUDENTE VALUES('0000100032','Cornelia','Ferrari','0586-0155-5137','Via Alcide De Gasperi','6','40121','Bologna');
INSERT INTO STUDENTE VALUES('0000100033','Cornelia','Lombardi','0577-5554-872','Piazza Garibaldi','69','41121','Modena');
INSERT INTO STUDENTE VALUES('0000100034','Vincenza','Lucas','059-5555-532','Via Magellano','4','35121','Padova');
INSERT INTO STUDENTE VALUES('0000100035','Venceslao','Gallo','0173-5553-480','Corso Roma','41','41121','Modena');
INSERT INTO STUDENTE VALUES('0000100036','Cornelia','Lucas','05855553-1334','Viale Ateneo','16','30100','Venezia');
INSERT INTO STUDENTE VALUES('0000100037','Stefano','Lombardi','05345553-1334','Via Piave','21','36100','Vicenza');
INSERT INTO STUDENTE VALUES('0000100038','Pio','Lombardi','0166-5556-05','Viale Giulio Cesare','55','30100','Venezia');
INSERT INTO STUDENTE VALUES('0000100039','Regina','Gallo','0547-5559-1507','Via Piave','7','30100','Venezia');
INSERT INTO STUDENTE VALUES('0000100040','Carola','Ferrari','0131-5555-532','Piazza Marco Polo','6','36100','Vicenza');
INSERT INTO STUDENTE VALUES('0000100041','Stefano','Gallo','0572-5554-872','Piazza Accademia','26','45100','Rovigo');
INSERT INTO STUDENTE VALUES('0000100042','Beniamino','Mancini','05712555-89','Viale Vesuvio','24','45100','Rovigo');
INSERT INTO STUDENTE VALUES('0000100043','Stella','Fontana','05862555-5008','Piazza Cesare Battisti','43','35121','Padova');
INSERT INTO STUDENTE VALUES('0000100044','Cornelia','Miller','0564-5554-1932','Via Don Bosco','43','36100','Vicenza');
INSERT INTO STUDENTE VALUES('0000100045','Vincenzo','Colombo','0544-5555-2493','Viale Piave','7','40121','Bologna');
INSERT INTO STUDENTE VALUES('0000100046','Ennio','Russo','01652555-89','Piazza Enrico Fermi','27','40121','Bologna');
INSERT INTO STUDENTE VALUES('0000100047','Henryk','Perez','0546-555-95','Via Ateneo','74','35121','Padova');
INSERT INTO STUDENTE VALUES('0000100048','Beniamino','Colombo','0546-1555-4182','Piazza Accademia','52','30100','Venezia');
INSERT INTO STUDENTE VALUES('0000100049','Agatino','Martin','0131-5555-296','Piazza Don Bosco','0','30100','Venezia');
INSERT INTO STUDENTE VALUES('0000100050','Henryk','Greco','0522-5552-493','Corso Verdi','3','48121','Ravenna');
INSERT INTO STUDENTE VALUES('0000100051','Loris','Mitchell','0547-5558-37','Viale Verdi','71','36100','Vicenza');
INSERT INTO STUDENTE VALUES('0000100052','Nikole','Martin','0131-0555-61','Viale Giulio Cesare','5','45100','Rovigo');
INSERT INTO STUDENTE VALUES('0000100053','Stella','Russo','0521-5552-226','Corso Magellano','58','40121','Bologna');
INSERT INTO STUDENTE VALUES('0000100054','Stella','Fontana','0144-5556-1973','Piazza Cristoforo Colombo','53','45100','Rovigo');
INSERT INTO STUDENTE VALUES('0000100055','Agatino','Mancini','04215553-0419','Corso Accademia','39','45100','Rovigo');
INSERT INTO STUDENTE VALUES('0000100056','Ennio','Miller','0166-1555-25','Corso Costantino','65','40121','Bologna');
INSERT INTO STUDENTE VALUES('0000100057','Tommaso','Mason','0142-5555-296','Via Traiano','25','40121','Bologna');
INSERT INTO STUDENTE VALUES('0000100058','Loris','Miller','0171-1555-25','Via Marco Polo','68','44121','Ferrara');
INSERT INTO STUDENTE VALUES('0000100059','Vincenzo','Lombardi','05455559-3046','Corso Dante','45','44121','Ferrara');
INSERT INTO STUDENTE VALUES('0000100060','Henryk','Gallo','0587-5555-9171','Piazza Giulio Cesare','12','30100','Venezia');
INSERT INTO STUDENTE VALUES('0000100061','Venceslao','Ferrari','01741555-4097','Piazza Goffredo Mameli','16','30100','Venezia');
INSERT INTO STUDENTE VALUES('0000100062','Nikole','Martin','0574-5555-4947','Corso Garibaldi','37','30100','Venezia');
INSERT INTO STUDENTE VALUES('0000100063','Tommaso','Fontana','0541-5555-4442','Corso Garibaldi','78','45100','Rovigo');
INSERT INTO STUDENTE VALUES('0000100064','Agatino','Colombo','0143-5553-480','Viale Augusto','12','44121','Ferrara');
INSERT INTO STUDENTE VALUES('0000100065','Cornelia','Lucas','06-5555-4442','Viale Dante','3','45100','Rovigo');
INSERT INTO STUDENTE VALUES('0000100066','Carola','Colombo','0533-0555-61','Corso Don Bosco','12','41121','Modena');
INSERT INTO STUDENTE VALUES('0000100067','Cornelia','Lombardi','015-1555-4182','Via Piave','45','45100','Rovigo');
INSERT INTO STUDENTE VALUES('0000100068','Saveria','Perez','050-5556-1973','Piazza Enrico Fermi','2','41121','Modena');
INSERT INTO STUDENTE VALUES('0000100069','Cornelia','Perez','0161-555-95','Piazza Costantino','71','40121','Bologna');
INSERT INTO STUDENTE VALUES('0000100070','Venceslao','Martin','0536-5555-4442','Piazza Roma','12','41121','Modena');
INSERT INTO STUDENTE VALUES('0000100071','Beniamino','Gallo','0573-5552-226','Piazza Foscolo','31','45100','Rovigo');
INSERT INTO STUDENTE VALUES('0000100072','Loris','Lucas','0171-5552-50','Piazza Cristoforo Colombo','68','40121','Bologna');
INSERT INTO STUDENTE VALUES('0000100073','Venceslao','Rinaldi','05855559-3046','Corso Piave','0','30100','Venezia');
INSERT INTO STUDENTE VALUES('0000100074','Saveria','Ferrari','0547-5557-57','Via Dante','41','44121','Ferrara');
INSERT INTO STUDENTE VALUES('0000100075','Venceslao','Rinaldi','0144-0555-589','Corso Piave','23','35121','Padova');
INSERT INTO STUDENTE VALUES('0000100076','Cornelia','Barbieri','0575-5552-226','Viale Enrico Fermi','38','36100','Vicenza');
INSERT INTO STUDENTE VALUES('0000100077','Stefano','Martin','0172-1555-25','Viale Foscolo','17','45100','Rovigo');
INSERT INTO STUDENTE VALUES('0000100078','Ennio','Mason','051-0555-61','Piazza Goffredo Mameli','8','45100','Rovigo');
INSERT INTO STUDENTE VALUES('0000100079','Nikole','Perez','0174-5552-493','Via Accademia','58','30100','Venezia');
INSERT INTO STUDENTE VALUES('0000100080','Vincenzo','Gallo','0521-5557-57','Via Cesare Battisti','11','45100','Rovigo');
INSERT INTO STUDENTE VALUES('0000100081','Cornelia','Ferrari','041-5554-07','Corso Ateneo','15','30100','Venezia');
INSERT INTO STUDENTE VALUES('0000100082','Saveria','Ferrari','0421-5558-2398','Via Virgilio','44','40121','Bologna');
INSERT INTO STUDENTE VALUES('0000100083','Beniamino','Barbieri','05335559-3046','Via Piave','44','40121','Bologna');
INSERT INTO STUDENTE VALUES('0000100084','Ennio','Colombo','0587-5554-872','Corso Costantino','40','48121','Ravenna');
INSERT INTO STUDENTE VALUES('0000100085','Cornelia','Colombo','0173-555-95','Corso Costantino','13','30100','Venezia');
INSERT INTO STUDENTE VALUES('0000100086','Pio','Mancini','041-1555-72','Viale Traiano','10','41121','Modena');
INSERT INTO STUDENTE VALUES('0000100087','Pio','Miller','059-5554-872','Piazza Enrico Fermi','64','41121','Modena');
INSERT INTO STUDENTE VALUES('0000100088','Tommaso','Perez','06-5555-9171','Via Dante','64','45100','Rovigo');
INSERT INTO STUDENTE VALUES('0000100089','Henryk','Perez','0985-5559-1507','Piazza Foscolo','0','35121','Padova');
INSERT INTO STUDENTE VALUES('0000100090','Pio','Gallo','0575-0155-543','Corso Enrico Fermi','38','45100','Rovigo');
INSERT INTO STUDENTE VALUES('0000100091','Venceslao','Lucas','0523-0555-61','Viale Costantino','26','36100','Vicenza');
INSERT INTO STUDENTE VALUES('0000100092','Beniamino','Mitchell','0521-5555-296','Piazza Foscolo','24','36100','Vicenza');
INSERT INTO STUDENTE VALUES('0000100093','Beniamino','Gallo','055-5558-2398','Via Piave','75','40121','Bologna');
INSERT INTO STUDENTE VALUES('0000100094','Edmond','Ferrari','0547-5555-4442','Corso Raffaello','35','44121','Ferrara');
INSERT INTO STUDENTE VALUES('0000100095','Carola','Greco','05252555-89','Via Cristoforo Colombo','16','30100','Venezia');
INSERT INTO STUDENTE VALUES('0000100096','Loris','Colombo','0144-5555-532','Viale Cristoforo Colombo','67','30100','Venezia');
INSERT INTO STUDENTE VALUES('0000100097','Henryk','Mason','0584-0155-5137','Corso Enrico Fermi','3','35121','Padova');
INSERT INTO STUDENTE VALUES('0000100098','Umberto','Russo','0535-1555-72','Piazza Traiano','38','48121','Ravenna');
INSERT INTO STUDENTE VALUES('0000100099','Umberto','Fontana','05785553-0419','Piazza Traiano','67','44121','Ferrara');
INSERT INTO STUDENTE VALUES('0000100100','Carola','Greco','0536-5555-2493','Corso Costantino','54','44121','Ferrara');

#IMPORT DEI DATI DI LINGUE DA FILE CSV RINOMINANDO APPOSITAMENTE OGNI ATTRIBUTO
#UTILIZZZANDO POI IL TOOL DI EXPORT DI MYSQLWORKBENCH IN CUI VENGONO MOSTRATI GLI INSERT
INSERT INTO LINGUA (`NOME_LINGUA`) VALUES ('Albanian');
INSERT INTO LINGUA (`NOME_LINGUA`) VALUES ('Arabic');
INSERT INTO LINGUA (`NOME_LINGUA`) VALUES ('Aymara');
INSERT INTO LINGUA (`NOME_LINGUA`) VALUES ('Belarusian');
INSERT INTO LINGUA (`NOME_LINGUA`) VALUES ('Bengali');
INSERT INTO LINGUA (`NOME_LINGUA`) VALUES ('Catalan');
INSERT INTO LINGUA (`NOME_LINGUA`) VALUES ('Chinese');
INSERT INTO LINGUA (`NOME_LINGUA`) VALUES ('Czech');
INSERT INTO LINGUA (`NOME_LINGUA`) VALUES ('Danish');
INSERT INTO LINGUA (`NOME_LINGUA`) VALUES ('Dari');
INSERT INTO LINGUA (`NOME_LINGUA`) VALUES ('Dhivehi');
INSERT INTO LINGUA (`NOME_LINGUA`) VALUES ('Dutch');
INSERT INTO LINGUA (`NOME_LINGUA`) VALUES ('Dzongkha');
INSERT INTO LINGUA (`NOME_LINGUA`) VALUES ('English');
INSERT INTO LINGUA (`NOME_LINGUA`) VALUES ('Estonian');
INSERT INTO LINGUA (`NOME_LINGUA`) VALUES ('Finnish');
INSERT INTO LINGUA (`NOME_LINGUA`) VALUES ('French');
INSERT INTO LINGUA (`NOME_LINGUA`) VALUES ('Georgian');
INSERT INTO LINGUA (`NOME_LINGUA`) VALUES ('German');
INSERT INTO LINGUA (`NOME_LINGUA`) VALUES ('Guaraní');
INSERT INTO LINGUA (`NOME_LINGUA`) VALUES ('Gujarati');
INSERT INTO LINGUA (`NOME_LINGUA`) VALUES ('Haitian Creole');
INSERT INTO LINGUA (`NOME_LINGUA`) VALUES ('Hebrew');
INSERT INTO LINGUA (`NOME_LINGUA`) VALUES ('Hindi');
INSERT INTO LINGUA (`NOME_LINGUA`) VALUES ('Hiri Motu');
INSERT INTO LINGUA (`NOME_LINGUA`) VALUES ('Hungarian');
INSERT INTO LINGUA (`NOME_LINGUA`) VALUES ('Icelandic');
INSERT INTO LINGUA (`NOME_LINGUA`) VALUES ('Indonesian');
INSERT INTO LINGUA (`NOME_LINGUA`) VALUES ('Irish Gaelic');
INSERT INTO LINGUA (`NOME_LINGUA`) VALUES ('Italian');
INSERT INTO LINGUA (`NOME_LINGUA`) VALUES ('Japanese');
INSERT INTO LINGUA (`NOME_LINGUA`) VALUES ('Kashmiri');
INSERT INTO LINGUA (`NOME_LINGUA`) VALUES ('Kazakh');
INSERT INTO LINGUA (`NOME_LINGUA`) VALUES ('Khmer');
INSERT INTO LINGUA (`NOME_LINGUA`) VALUES ('Korean');
INSERT INTO LINGUA (`NOME_LINGUA`) VALUES ('Lao');
INSERT INTO LINGUA (`NOME_LINGUA`) VALUES ('Northern Sotho');
INSERT INTO LINGUA (`NOME_LINGUA`) VALUES ('Norwegian');
INSERT INTO LINGUA (`NOME_LINGUA`) VALUES ('Polish');
INSERT INTO LINGUA (`NOME_LINGUA`) VALUES ('Portuguese');
INSERT INTO LINGUA (`NOME_LINGUA`) VALUES ('Punjabi');
INSERT INTO LINGUA (`NOME_LINGUA`) VALUES ('Quechua');
INSERT INTO LINGUA (`NOME_LINGUA`) VALUES ('Romanian');
INSERT INTO LINGUA (`NOME_LINGUA`) VALUES ('Spanish');
INSERT INTO LINGUA (`NOME_LINGUA`) VALUES ('Swedish');

#AUTORE SEMPRE UTILIZZANDO I TOOL DI MYSQLWORKBENCH
#per autore è stata creata una nuova tabella anche per distinguere tutti i duplicati
INSERT INTO AUTORE (`ID_AUT`,`NOME_A`,`COGNOME_A`,`DATANASCITA`,`LUOGO_NASCITA`) VALUES (1,'Abey','Crowest','1965-07-20','New York');
INSERT INTO AUTORE (`ID_AUT`,`NOME_A`,`COGNOME_A`,`DATANASCITA`,`LUOGO_NASCITA`) VALUES (2,'Adamo','Ligoe','1971-03-26','New York');
INSERT INTO AUTORE (`ID_AUT`,`NOME_A`,`COGNOME_A`,`DATANASCITA`,`LUOGO_NASCITA`) VALUES (3,'Alejandrina','Bardell','1962-10-25','Wilpen');
INSERT INTO AUTORE (`ID_AUT`,`NOME_A`,`COGNOME_A`,`DATANASCITA`,`LUOGO_NASCITA`) VALUES (4,'Alessandro','Oldam','1972-07-09','New York');
INSERT INTO AUTORE (`ID_AUT`,`NOME_A`,`COGNOME_A`,`DATANASCITA`,`LUOGO_NASCITA`) VALUES (5,'Ami','Adamo','1978-08-10','Lawrence');
INSERT INTO AUTORE (`ID_AUT`,`NOME_A`,`COGNOME_A`,`DATANASCITA`,`LUOGO_NASCITA`) VALUES (6,'Andrej','Von Der Empten','1989-12-17','Amsterdam');
INSERT INTO AUTORE (`ID_AUT`,`NOME_A`,`COGNOME_A`,`DATANASCITA`,`LUOGO_NASCITA`) VALUES (7,'Ange','Symcox','1977-07-01','Paris');
INSERT INTO AUTORE (`ID_AUT`,`NOME_A`,`COGNOME_A`,`DATANASCITA`,`LUOGO_NASCITA`) VALUES (8,'Angil','Beckson','1956-05-01','Oxford');
INSERT INTO AUTORE (`ID_AUT`,`NOME_A`,`COGNOME_A`,`DATANASCITA`,`LUOGO_NASCITA`) VALUES (9,'Barr','Labbet','1967-07-06','Lawrence');
INSERT INTO AUTORE (`ID_AUT`,`NOME_A`,`COGNOME_A`,`DATANASCITA`,`LUOGO_NASCITA`) VALUES (10,'Bartolemo','Chadwin','1969-07-22','Pleasantville');
INSERT INTO AUTORE (`ID_AUT`,`NOME_A`,`COGNOME_A`,`DATANASCITA`,`LUOGO_NASCITA`) VALUES (11,'Betti','Benz','1977-08-05','Berlino');
INSERT INTO AUTORE (`ID_AUT`,`NOME_A`,`COGNOME_A`,`DATANASCITA`,`LUOGO_NASCITA`) VALUES (12,'Beverlee','Jepensen','1976-12-17','Cumberland');
INSERT INTO AUTORE (`ID_AUT`,`NOME_A`,`COGNOME_A`,`DATANASCITA`,`LUOGO_NASCITA`) VALUES (13,'Booth','Belvard','1959-10-11','London');
INSERT INTO AUTORE (`ID_AUT`,`NOME_A`,`COGNOME_A`,`DATANASCITA`,`LUOGO_NASCITA`) VALUES (14,'Boycie','Shorey','1989-11-20','Amsterdam');
INSERT INTO AUTORE (`ID_AUT`,`NOME_A`,`COGNOME_A`,`DATANASCITA`,`LUOGO_NASCITA`) VALUES (15,'Branden','Huffer','1955-01-03','Bloomington');
INSERT INTO AUTORE (`ID_AUT`,`NOME_A`,`COGNOME_A`,`DATANASCITA`,`LUOGO_NASCITA`) VALUES (16,'Breanne','Weben','1989-11-13','London');
INSERT INTO AUTORE (`ID_AUT`,`NOME_A`,`COGNOME_A`,`DATANASCITA`,`LUOGO_NASCITA`) VALUES (17,'Briant','Anespie','1989-01-01','Los Angeles');
INSERT INTO AUTORE (`ID_AUT`,`NOME_A`,`COGNOME_A`,`DATANASCITA`,`LUOGO_NASCITA`) VALUES (18,'Bruno','Goodsall','1963-04-27','London');
INSERT INTO AUTORE (`ID_AUT`,`NOME_A`,`COGNOME_A`,`DATANASCITA`,`LUOGO_NASCITA`) VALUES (19,'Bryanty','Froud','1970-10-30','London');
INSERT INTO AUTORE (`ID_AUT`,`NOME_A`,`COGNOME_A`,`DATANASCITA`,`LUOGO_NASCITA`) VALUES (20,'Brynn','Semor','1986-05-09','Oslo');
INSERT INTO AUTORE (`ID_AUT`,`NOME_A`,`COGNOME_A`,`DATANASCITA`,`LUOGO_NASCITA`) VALUES (21,'Burk','Torr','1984-08-01','Bloomington');
INSERT INTO AUTORE (`ID_AUT`,`NOME_A`,`COGNOME_A`,`DATANASCITA`,`LUOGO_NASCITA`) VALUES (22,'Cal','Inkin','1969-11-22','Oxford');
INSERT INTO AUTORE (`ID_AUT`,`NOME_A`,`COGNOME_A`,`DATANASCITA`,`LUOGO_NASCITA`) VALUES (23,'Cecile','Follacaro','1986-01-08','New York');
INSERT INTO AUTORE (`ID_AUT`,`NOME_A`,`COGNOME_A`,`DATANASCITA`,`LUOGO_NASCITA`) VALUES (24,'Chelsea','Nannetti','1973-04-14','San Diego');
INSERT INTO AUTORE (`ID_AUT`,`NOME_A`,`COGNOME_A`,`DATANASCITA`,`LUOGO_NASCITA`) VALUES (25,'Cointon','Stranaghan','1963-12-30','New York');
INSERT INTO AUTORE (`ID_AUT`,`NOME_A`,`COGNOME_A`,`DATANASCITA`,`LUOGO_NASCITA`) VALUES (26,'Corri','Gavrieli','1974-06-30','London');
INSERT INTO AUTORE (`ID_AUT`,`NOME_A`,`COGNOME_A`,`DATANASCITA`,`LUOGO_NASCITA`) VALUES (27,'Cristian','Pes','1981-09-10','New York');
INSERT INTO AUTORE (`ID_AUT`,`NOME_A`,`COGNOME_A`,`DATANASCITA`,`LUOGO_NASCITA`) VALUES (28,'De','Wackly','1989-09-17','Bloomington');
INSERT INTO AUTORE (`ID_AUT`,`NOME_A`,`COGNOME_A`,`DATANASCITA`,`LUOGO_NASCITA`) VALUES (29,'Emiline','Greenhough','1982-04-11','Madison');
INSERT INTO AUTORE (`ID_AUT`,`NOME_A`,`COGNOME_A`,`DATANASCITA`,`LUOGO_NASCITA`) VALUES (30,'Enrico','Zimuel','1972-04-11','Milan');
INSERT INTO AUTORE (`ID_AUT`,`NOME_A`,`COGNOME_A`,`DATANASCITA`,`LUOGO_NASCITA`) VALUES (31,'Erny','Wrixon','1967-02-25','Nashville');
INSERT INTO AUTORE (`ID_AUT`,`NOME_A`,`COGNOME_A`,`DATANASCITA`,`LUOGO_NASCITA`) VALUES (32,'Eva','Elcum','1956-02-20','Pleasantville');
INSERT INTO AUTORE (`ID_AUT`,`NOME_A`,`COGNOME_A`,`DATANASCITA`,`LUOGO_NASCITA`) VALUES (33,'Fanchon','Bish','1987-08-27','New York');
INSERT INTO AUTORE (`ID_AUT`,`NOME_A`,`COGNOME_A`,`DATANASCITA`,`LUOGO_NASCITA`) VALUES (34,'Farrah','Letham','1962-07-15','Oxford');
INSERT INTO AUTORE (`ID_AUT`,`NOME_A`,`COGNOME_A`,`DATANASCITA`,`LUOGO_NASCITA`) VALUES (35,'Fiorenze','Deluca','1984-07-22','Lawrence');
INSERT INTO AUTORE (`ID_AUT`,`NOME_A`,`COGNOME_A`,`DATANASCITA`,`LUOGO_NASCITA`) VALUES (36,'Gabriella','Orum','1958-11-21','Madison');
INSERT INTO AUTORE (`ID_AUT`,`NOME_A`,`COGNOME_A`,`DATANASCITA`,`LUOGO_NASCITA`) VALUES (37,'Gertrudis','Corzon','1983-06-21','Oxford');
INSERT INTO AUTORE (`ID_AUT`,`NOME_A`,`COGNOME_A`,`DATANASCITA`,`LUOGO_NASCITA`) VALUES (38,'Giffer','Leisman','1959-05-25','Los Angeles');
INSERT INTO AUTORE (`ID_AUT`,`NOME_A`,`COGNOME_A`,`DATANASCITA`,`LUOGO_NASCITA`) VALUES (39,'Gil','Lettington','1974-08-11','Los Angeles');
INSERT INTO AUTORE (`ID_AUT`,`NOME_A`,`COGNOME_A`,`DATANASCITA`,`LUOGO_NASCITA`) VALUES (40,'Giustina','Jezzard','1969-02-04','Pleasantville');
INSERT INTO AUTORE (`ID_AUT`,`NOME_A`,`COGNOME_A`,`DATANASCITA`,`LUOGO_NASCITA`) VALUES (41,'Godwin','Lebbern','1983-11-16','San Diego');
INSERT INTO AUTORE (`ID_AUT`,`NOME_A`,`COGNOME_A`,`DATANASCITA`,`LUOGO_NASCITA`) VALUES (42,'Gregorius','McPhater','1976-12-04','Pleasantville');
INSERT INTO AUTORE (`ID_AUT`,`NOME_A`,`COGNOME_A`,`DATANASCITA`,`LUOGO_NASCITA`) VALUES (43,'Gwyneth','Tinsley','1986-05-12','Los Angeles');
INSERT INTO AUTORE (`ID_AUT`,`NOME_A`,`COGNOME_A`,`DATANASCITA`,`LUOGO_NASCITA`) VALUES (44,'Hannah','Bachnic','1956-06-22','Madison');
INSERT INTO AUTORE (`ID_AUT`,`NOME_A`,`COGNOME_A`,`DATANASCITA`,`LUOGO_NASCITA`) VALUES (45,'Harlene','Tartt','1984-09-20','New York');
INSERT INTO AUTORE (`ID_AUT`,`NOME_A`,`COGNOME_A`,`DATANASCITA`,`LUOGO_NASCITA`) VALUES (46,'Hastings','Sweetman','1978-08-13','Los Angeles');
INSERT INTO AUTORE (`ID_AUT`,`NOME_A`,`COGNOME_A`,`DATANASCITA`,`LUOGO_NASCITA`) VALUES (47,'Hirsch','Legging','1961-12-19','Oxford');
INSERT INTO AUTORE (`ID_AUT`,`NOME_A`,`COGNOME_A`,`DATANASCITA`,`LUOGO_NASCITA`) VALUES (48,'Hortense','Whatson','1978-08-25','Washington');
INSERT INTO AUTORE (`ID_AUT`,`NOME_A`,`COGNOME_A`,`DATANASCITA`,`LUOGO_NASCITA`) VALUES (49,'Ileane','Spurriar','1969-09-03','Los Angeles');
INSERT INTO AUTORE (`ID_AUT`,`NOME_A`,`COGNOME_A`,`DATANASCITA`,`LUOGO_NASCITA`) VALUES (50,'Inesita','Dallender','1982-04-05','New York');
INSERT INTO AUTORE (`ID_AUT`,`NOME_A`,`COGNOME_A`,`DATANASCITA`,`LUOGO_NASCITA`) VALUES (51,'Isacco','McSherry','1976-04-17','Edimburg');
INSERT INTO AUTORE (`ID_AUT`,`NOME_A`,`COGNOME_A`,`DATANASCITA`,`LUOGO_NASCITA`) VALUES (52,'Jacquenette','Snookes','1973-08-07','Lawrence');
INSERT INTO AUTORE (`ID_AUT`,`NOME_A`,`COGNOME_A`,`DATANASCITA`,`LUOGO_NASCITA`) VALUES (53,'Jasen','Itter','1967-12-24','Madison');
INSERT INTO AUTORE (`ID_AUT`,`NOME_A`,`COGNOME_A`,`DATANASCITA`,`LUOGO_NASCITA`) VALUES (54,'Jefferson','Dewire','1971-02-16','Cardiff');
INSERT INTO AUTORE (`ID_AUT`,`NOME_A`,`COGNOME_A`,`DATANASCITA`,`LUOGO_NASCITA`) VALUES (55,'Jermaine','Van Velde','1979-04-23','Los Angeles');
INSERT INTO AUTORE (`ID_AUT`,`NOME_A`,`COGNOME_A`,`DATANASCITA`,`LUOGO_NASCITA`) VALUES (56,'Jodee','Westwick','1968-01-23','Liverpool');
INSERT INTO AUTORE (`ID_AUT`,`NOME_A`,`COGNOME_A`,`DATANASCITA`,`LUOGO_NASCITA`) VALUES (57,'Jon','Duckett','1978-08-16','Los Angeles');
INSERT INTO AUTORE (`ID_AUT`,`NOME_A`,`COGNOME_A`,`DATANASCITA`,`LUOGO_NASCITA`) VALUES (58,'Junia','Everal','1973-11-09','Los Angeles');
INSERT INTO AUTORE (`ID_AUT`,`NOME_A`,`COGNOME_A`,`DATANASCITA`,`LUOGO_NASCITA`) VALUES (59,'Karie','Bendixen','1969-12-29','Amsterdam');
INSERT INTO AUTORE (`ID_AUT`,`NOME_A`,`COGNOME_A`,`DATANASCITA`,`LUOGO_NASCITA`) VALUES (60,'Kerri','Adiscot','1980-06-28','Cumberland');
INSERT INTO AUTORE (`ID_AUT`,`NOME_A`,`COGNOME_A`,`DATANASCITA`,`LUOGO_NASCITA`) VALUES (61,'Lavena','Capey','1972-02-17','Cumberland');
INSERT INTO AUTORE (`ID_AUT`,`NOME_A`,`COGNOME_A`,`DATANASCITA`,`LUOGO_NASCITA`) VALUES (62,'Leroy','Vasiltsov','1976-10-13','San Diego');
INSERT INTO AUTORE (`ID_AUT`,`NOME_A`,`COGNOME_A`,`DATANASCITA`,`LUOGO_NASCITA`) VALUES (63,'Lewes','Salsberg','1988-05-18','Cumberland');
INSERT INTO AUTORE (`ID_AUT`,`NOME_A`,`COGNOME_A`,`DATANASCITA`,`LUOGO_NASCITA`) VALUES (64,'Lu','Jenne','1977-01-11','Seul');
INSERT INTO AUTORE (`ID_AUT`,`NOME_A`,`COGNOME_A`,`DATANASCITA`,`LUOGO_NASCITA`) VALUES (65,'Luciano','Gamberini','1979-11-08','Rome');
INSERT INTO AUTORE (`ID_AUT`,`NOME_A`,`COGNOME_A`,`DATANASCITA`,`LUOGO_NASCITA`) VALUES (66,'Ludvig','Callf','1971-06-05','London');
INSERT INTO AUTORE (`ID_AUT`,`NOME_A`,`COGNOME_A`,`DATANASCITA`,`LUOGO_NASCITA`) VALUES (67,'Maible','Twidale','1963-01-29','Bloomington');
INSERT INTO AUTORE (`ID_AUT`,`NOME_A`,`COGNOME_A`,`DATANASCITA`,`LUOGO_NASCITA`) VALUES (68,'Margaretha','Aysik','1973-03-18','Washington');
INSERT INTO AUTORE (`ID_AUT`,`NOME_A`,`COGNOME_A`,`DATANASCITA`,`LUOGO_NASCITA`) VALUES (69,'Margaretta','Pardal','1970-03-08','New York');
INSERT INTO AUTORE (`ID_AUT`,`NOME_A`,`COGNOME_A`,`DATANASCITA`,`LUOGO_NASCITA`) VALUES (70,'Marja','Rosedale','1989-03-25','New York');
INSERT INTO AUTORE (`ID_AUT`,`NOME_A`,`COGNOME_A`,`DATANASCITA`,`LUOGO_NASCITA`) VALUES (71,'Marnie','Spinke','1987-09-07','Los Angeles');
INSERT INTO AUTORE (`ID_AUT`,`NOME_A`,`COGNOME_A`,`DATANASCITA`,`LUOGO_NASCITA`) VALUES (72,'Merissa','Senechault','1956-02-02','New York');
INSERT INTO AUTORE (`ID_AUT`,`NOME_A`,`COGNOME_A`,`DATANASCITA`,`LUOGO_NASCITA`) VALUES (73,'Merna','Lambal','1969-09-30','London');
INSERT INTO AUTORE (`ID_AUT`,`NOME_A`,`COGNOME_A`,`DATANASCITA`,`LUOGO_NASCITA`) VALUES (74,'Merrick','Harbron','1959-11-09','Pleasantville');
INSERT INTO AUTORE (`ID_AUT`,`NOME_A`,`COGNOME_A`,`DATANASCITA`,`LUOGO_NASCITA`) VALUES (75,'Mirelle','Hehnke','1968-06-25','Los Angeles');
INSERT INTO AUTORE (`ID_AUT`,`NOME_A`,`COGNOME_A`,`DATANASCITA`,`LUOGO_NASCITA`) VALUES (76,'Nicki','Pharrow','1984-09-16','Los Angeles');
INSERT INTO AUTORE (`ID_AUT`,`NOME_A`,`COGNOME_A`,`DATANASCITA`,`LUOGO_NASCITA`) VALUES (77,'Peri','Maher','1967-04-08','Wilpen');
INSERT INTO AUTORE (`ID_AUT`,`NOME_A`,`COGNOME_A`,`DATANASCITA`,`LUOGO_NASCITA`) VALUES (78,'Perrine','Blagden','1984-01-04','Washington');
INSERT INTO AUTORE (`ID_AUT`,`NOME_A`,`COGNOME_A`,`DATANASCITA`,`LUOGO_NASCITA`) VALUES (79,'Petunia','Breznovic','1981-02-19','Prague');
INSERT INTO AUTORE (`ID_AUT`,`NOME_A`,`COGNOME_A`,`DATANASCITA`,`LUOGO_NASCITA`) VALUES (80,'Pincas','Paulisch','1973-12-24','Berlino');
INSERT INTO AUTORE (`ID_AUT`,`NOME_A`,`COGNOME_A`,`DATANASCITA`,`LUOGO_NASCITA`) VALUES (81,'Quincey','Franke','1964-10-12','Bloomington');
INSERT INTO AUTORE (`ID_AUT`,`NOME_A`,`COGNOME_A`,`DATANASCITA`,`LUOGO_NASCITA`) VALUES (82,'Ramez','Elmasri','1970-02-16','Oxford');
INSERT INTO AUTORE (`ID_AUT`,`NOME_A`,`COGNOME_A`,`DATANASCITA`,`LUOGO_NASCITA`) VALUES (83,'Raquel','Semered','1972-03-21','Bloomington');
INSERT INTO AUTORE (`ID_AUT`,`NOME_A`,`COGNOME_A`,`DATANASCITA`,`LUOGO_NASCITA`) VALUES (84,'Reta','Philippsohn','1966-10-08','Washington');
INSERT INTO AUTORE (`ID_AUT`,`NOME_A`,`COGNOME_A`,`DATANASCITA`,`LUOGO_NASCITA`) VALUES (85,'Roxy','Burnage','1955-04-13','Oxford');
INSERT INTO AUTORE (`ID_AUT`,`NOME_A`,`COGNOME_A`,`DATANASCITA`,`LUOGO_NASCITA`) VALUES (86,'Rubie','Delgua','1970-06-03','Los Angeles');
INSERT INTO AUTORE (`ID_AUT`,`NOME_A`,`COGNOME_A`,`DATANASCITA`,`LUOGO_NASCITA`) VALUES (87,'Russ','Leander','1959-11-16','Oxford');
INSERT INTO AUTORE (`ID_AUT`,`NOME_A`,`COGNOME_A`,`DATANASCITA`,`LUOGO_NASCITA`) VALUES (88,'Sandro','Wilcher','1990-09-25','Nashville');
INSERT INTO AUTORE (`ID_AUT`,`NOME_A`,`COGNOME_A`,`DATANASCITA`,`LUOGO_NASCITA`) VALUES (89,'Sansone','Jansen','1968-05-12','Lawrence');
INSERT INTO AUTORE (`ID_AUT`,`NOME_A`,`COGNOME_A`,`DATANASCITA`,`LUOGO_NASCITA`) VALUES (90,'Sella','Marriage','1988-12-01','Madison');
INSERT INTO AUTORE (`ID_AUT`,`NOME_A`,`COGNOME_A`,`DATANASCITA`,`LUOGO_NASCITA`) VALUES (91,'Shamkant','Navathe','1962-11-24','London');
INSERT INTO AUTORE (`ID_AUT`,`NOME_A`,`COGNOME_A`,`DATANASCITA`,`LUOGO_NASCITA`) VALUES (92,'Shelbi','Wheelton','1987-09-12','Los Angeles');
INSERT INTO AUTORE (`ID_AUT`,`NOME_A`,`COGNOME_A`,`DATANASCITA`,`LUOGO_NASCITA`) VALUES (93,'Sim','Frondt','1967-05-20','Bloomington');
INSERT INTO AUTORE (`ID_AUT`,`NOME_A`,`COGNOME_A`,`DATANASCITA`,`LUOGO_NASCITA`) VALUES (94,'Theo','McLauchlin','1961-03-01','Cardiff');
INSERT INTO AUTORE (`ID_AUT`,`NOME_A`,`COGNOME_A`,`DATANASCITA`,`LUOGO_NASCITA`) VALUES (95,'Ursula','Lockitt','1967-12-14','Liverpool');
INSERT INTO AUTORE (`ID_AUT`,`NOME_A`,`COGNOME_A`,`DATANASCITA`,`LUOGO_NASCITA`) VALUES (96,'Vitia','Douch','1977-08-20','London');
INSERT INTO AUTORE (`ID_AUT`,`NOME_A`,`COGNOME_A`,`DATANASCITA`,`LUOGO_NASCITA`) VALUES (97,'Walker','Dumberell','1965-12-30','London');
INSERT INTO AUTORE (`ID_AUT`,`NOME_A`,`COGNOME_A`,`DATANASCITA`,`LUOGO_NASCITA`) VALUES (98,'Xylia','Bendle','1975-01-01','Cumberland');
INSERT INTO AUTORE (`ID_AUT`,`NOME_A`,`COGNOME_A`,`DATANASCITA`,`LUOGO_NASCITA`) VALUES (99,'Yancey','Sacher','1961-04-17','Lawrence');
INSERT INTO AUTORE (`ID_AUT`,`NOME_A`,`COGNOME_A`,`DATANASCITA`,`LUOGO_NASCITA`) VALUES (100,'Zilvia','Silver','1958-04-25','Nashville');


#USE BIBLIOTECA;
#SELECT ID_AUT, ISBN
#FROM	SCRIVE2, AUTORE
#WHERE AUTORE.NOME_A=SCRIAUTOREAUTOREVE2.NOME_A AND AUTORE.COGNOME_A=SCRIVE2.COGNOME_A
	#AND AUTORE.DATANASCITA=SCRIVE2.DATANASCITA;

INSERT INTO SCRIVE (`ID_AUT`,`ISBN`) VALUES (11,'000369692-8');
INSERT INTO SCRIVE (`ID_AUT`,`ISBN`) VALUES (55,'000369692-8');
INSERT INTO SCRIVE (`ID_AUT`,`ISBN`) VALUES (99,'000369692-8');
INSERT INTO SCRIVE (`ID_AUT`,`ISBN`) VALUES (10,'004023598-X');
INSERT INTO SCRIVE (`ID_AUT`,`ISBN`) VALUES (24,'004023598-X');
INSERT INTO SCRIVE (`ID_AUT`,`ISBN`) VALUES (41,'004023598-X');
INSERT INTO SCRIVE (`ID_AUT`,`ISBN`) VALUES (98,'004023598-X');
INSERT INTO SCRIVE (`ID_AUT`,`ISBN`) VALUES (49,'006821799-4');
INSERT INTO SCRIVE (`ID_AUT`,`ISBN`) VALUES (84,'006821799-4');
INSERT INTO SCRIVE (`ID_AUT`,`ISBN`) VALUES (87,'006821799-4');
INSERT INTO SCRIVE (`ID_AUT`,`ISBN`) VALUES (42,'009047587-9');
INSERT INTO SCRIVE (`ID_AUT`,`ISBN`) VALUES (50,'009047587-9');
INSERT INTO SCRIVE (`ID_AUT`,`ISBN`) VALUES (22,'009140312-X');
INSERT INTO SCRIVE (`ID_AUT`,`ISBN`) VALUES (75,'009140312-X');
INSERT INTO SCRIVE (`ID_AUT`,`ISBN`) VALUES (79,'009140312-X');
INSERT INTO SCRIVE (`ID_AUT`,`ISBN`) VALUES (59,'014330257-4');
INSERT INTO SCRIVE (`ID_AUT`,`ISBN`) VALUES (90,'014330257-4');
INSERT INTO SCRIVE (`ID_AUT`,`ISBN`) VALUES (7,'015674765-0');
INSERT INTO SCRIVE (`ID_AUT`,`ISBN`) VALUES (57,'015674765-0');
INSERT INTO SCRIVE (`ID_AUT`,`ISBN`) VALUES (99,'015674765-0');
INSERT INTO SCRIVE (`ID_AUT`,`ISBN`) VALUES (19,'022938411-0');
INSERT INTO SCRIVE (`ID_AUT`,`ISBN`) VALUES (39,'022938411-0');
INSERT INTO SCRIVE (`ID_AUT`,`ISBN`) VALUES (72,'022938411-0');
INSERT INTO SCRIVE (`ID_AUT`,`ISBN`) VALUES (14,'023019395-1');
INSERT INTO SCRIVE (`ID_AUT`,`ISBN`) VALUES (50,'023019395-1');
INSERT INTO SCRIVE (`ID_AUT`,`ISBN`) VALUES (71,'023019395-1');
INSERT INTO SCRIVE (`ID_AUT`,`ISBN`) VALUES (89,'023019395-1');
INSERT INTO SCRIVE (`ID_AUT`,`ISBN`) VALUES (45,'050916783-7');
INSERT INTO SCRIVE (`ID_AUT`,`ISBN`) VALUES (68,'050916783-7');
INSERT INTO SCRIVE (`ID_AUT`,`ISBN`) VALUES (1,'052706515-3');
INSERT INTO SCRIVE (`ID_AUT`,`ISBN`) VALUES (43,'052706515-3');
INSERT INTO SCRIVE (`ID_AUT`,`ISBN`) VALUES (96,'052706515-3');
INSERT INTO SCRIVE (`ID_AUT`,`ISBN`) VALUES (41,'055417113-9');
INSERT INTO SCRIVE (`ID_AUT`,`ISBN`) VALUES (83,'055417113-9');
INSERT INTO SCRIVE (`ID_AUT`,`ISBN`) VALUES (7,'060088686-7');
INSERT INTO SCRIVE (`ID_AUT`,`ISBN`) VALUES (72,'060088686-7');
INSERT INTO SCRIVE (`ID_AUT`,`ISBN`) VALUES (93,'060088686-7');
INSERT INTO SCRIVE (`ID_AUT`,`ISBN`) VALUES (8,'065646345-7');
INSERT INTO SCRIVE (`ID_AUT`,`ISBN`) VALUES (23,'065646345-7');
INSERT INTO SCRIVE (`ID_AUT`,`ISBN`) VALUES (81,'065646345-7');
INSERT INTO SCRIVE (`ID_AUT`,`ISBN`) VALUES (93,'065646345-7');
INSERT INTO SCRIVE (`ID_AUT`,`ISBN`) VALUES (97,'065646345-7');
INSERT INTO SCRIVE (`ID_AUT`,`ISBN`) VALUES (8,'068254989-4');
INSERT INTO SCRIVE (`ID_AUT`,`ISBN`) VALUES (71,'068254989-4');
INSERT INTO SCRIVE (`ID_AUT`,`ISBN`) VALUES (93,'075305079-X');
INSERT INTO SCRIVE (`ID_AUT`,`ISBN`) VALUES (59,'076691563-8');
INSERT INTO SCRIVE (`ID_AUT`,`ISBN`) VALUES (21,'083845517-4');
INSERT INTO SCRIVE (`ID_AUT`,`ISBN`) VALUES (60,'085745713-6');
INSERT INTO SCRIVE (`ID_AUT`,`ISBN`) VALUES (2,'086031288-7');
INSERT INTO SCRIVE (`ID_AUT`,`ISBN`) VALUES (12,'086031288-7');
INSERT INTO SCRIVE (`ID_AUT`,`ISBN`) VALUES (78,'087133062-8');
INSERT INTO SCRIVE (`ID_AUT`,`ISBN`) VALUES (82,'087133062-8');
INSERT INTO SCRIVE (`ID_AUT`,`ISBN`) VALUES (30,'093035174-6');
INSERT INTO SCRIVE (`ID_AUT`,`ISBN`) VALUES (71,'093035174-6');
INSERT INTO SCRIVE (`ID_AUT`,`ISBN`) VALUES (82,'093035174-6');
INSERT INTO SCRIVE (`ID_AUT`,`ISBN`) VALUES (83,'093035174-6');
INSERT INTO SCRIVE (`ID_AUT`,`ISBN`) VALUES (2,'101215590-0');
INSERT INTO SCRIVE (`ID_AUT`,`ISBN`) VALUES (15,'101215590-0');
INSERT INTO SCRIVE (`ID_AUT`,`ISBN`) VALUES (30,'101215590-0');
INSERT INTO SCRIVE (`ID_AUT`,`ISBN`) VALUES (69,'101215590-0');
INSERT INTO SCRIVE (`ID_AUT`,`ISBN`) VALUES (92,'101215590-0');
INSERT INTO SCRIVE (`ID_AUT`,`ISBN`) VALUES (49,'103300276-3');
INSERT INTO SCRIVE (`ID_AUT`,`ISBN`) VALUES (57,'103300276-3');
INSERT INTO SCRIVE (`ID_AUT`,`ISBN`) VALUES (75,'103300276-3');
INSERT INTO SCRIVE (`ID_AUT`,`ISBN`) VALUES (1,'129488690-8');
INSERT INTO SCRIVE (`ID_AUT`,`ISBN`) VALUES (66,'129488690-8');
INSERT INTO SCRIVE (`ID_AUT`,`ISBN`) VALUES (35,'131544489-5');
INSERT INTO SCRIVE (`ID_AUT`,`ISBN`) VALUES (40,'131544489-5');
INSERT INTO SCRIVE (`ID_AUT`,`ISBN`) VALUES (47,'132261731-7');
INSERT INTO SCRIVE (`ID_AUT`,`ISBN`) VALUES (55,'132261731-7');
INSERT INTO SCRIVE (`ID_AUT`,`ISBN`) VALUES (87,'132261731-7');
INSERT INTO SCRIVE (`ID_AUT`,`ISBN`) VALUES (98,'132261731-7');
INSERT INTO SCRIVE (`ID_AUT`,`ISBN`) VALUES (18,'136320382-7');
INSERT INTO SCRIVE (`ID_AUT`,`ISBN`) VALUES (72,'136320382-7');
INSERT INTO SCRIVE (`ID_AUT`,`ISBN`) VALUES (14,'136964378-0');
INSERT INTO SCRIVE (`ID_AUT`,`ISBN`) VALUES (91,'136964378-0');
INSERT INTO SCRIVE (`ID_AUT`,`ISBN`) VALUES (7,'137066182-7');
INSERT INTO SCRIVE (`ID_AUT`,`ISBN`) VALUES (27,'147191251-5');
INSERT INTO SCRIVE (`ID_AUT`,`ISBN`) VALUES (41,'147191251-5');
INSERT INTO SCRIVE (`ID_AUT`,`ISBN`) VALUES (72,'147191251-5');
INSERT INTO SCRIVE (`ID_AUT`,`ISBN`) VALUES (72,'158999545-7');
INSERT INTO SCRIVE (`ID_AUT`,`ISBN`) VALUES (95,'158999545-7');
INSERT INTO SCRIVE (`ID_AUT`,`ISBN`) VALUES (27,'165632171-8');
INSERT INTO SCRIVE (`ID_AUT`,`ISBN`) VALUES (26,'167947701-3');
INSERT INTO SCRIVE (`ID_AUT`,`ISBN`) VALUES (39,'167947701-3');
INSERT INTO SCRIVE (`ID_AUT`,`ISBN`) VALUES (75,'167947701-3');
INSERT INTO SCRIVE (`ID_AUT`,`ISBN`) VALUES (25,'168316748-1');
INSERT INTO SCRIVE (`ID_AUT`,`ISBN`) VALUES (35,'168316748-1');
INSERT INTO SCRIVE (`ID_AUT`,`ISBN`) VALUES (70,'168316748-1');
INSERT INTO SCRIVE (`ID_AUT`,`ISBN`) VALUES (77,'170243376-5');
INSERT INTO SCRIVE (`ID_AUT`,`ISBN`) VALUES (41,'171208472-0');
INSERT INTO SCRIVE (`ID_AUT`,`ISBN`) VALUES (67,'175205668-X');
INSERT INTO SCRIVE (`ID_AUT`,`ISBN`) VALUES (78,'175205668-X');
INSERT INTO SCRIVE (`ID_AUT`,`ISBN`) VALUES (86,'175205668-X');
INSERT INTO SCRIVE (`ID_AUT`,`ISBN`) VALUES (33,'179592990-1');
INSERT INTO SCRIVE (`ID_AUT`,`ISBN`) VALUES (91,'179592990-1');
INSERT INTO SCRIVE (`ID_AUT`,`ISBN`) VALUES (45,'182342356-6');
INSERT INTO SCRIVE (`ID_AUT`,`ISBN`) VALUES (61,'182342356-6');
INSERT INTO SCRIVE (`ID_AUT`,`ISBN`) VALUES (94,'182342356-6');
INSERT INTO SCRIVE (`ID_AUT`,`ISBN`) VALUES (100,'182342356-6');
INSERT INTO SCRIVE (`ID_AUT`,`ISBN`) VALUES (20,'184722570-5');
INSERT INTO SCRIVE (`ID_AUT`,`ISBN`) VALUES (42,'184722570-5');
INSERT INTO SCRIVE (`ID_AUT`,`ISBN`) VALUES (89,'184722570-5');
INSERT INTO SCRIVE (`ID_AUT`,`ISBN`) VALUES (6,'190222315-2');
INSERT INTO SCRIVE (`ID_AUT`,`ISBN`) VALUES (85,'190222315-2');
INSERT INTO SCRIVE (`ID_AUT`,`ISBN`) VALUES (5,'192373118-1');
INSERT INTO SCRIVE (`ID_AUT`,`ISBN`) VALUES (80,'192373118-1');
INSERT INTO SCRIVE (`ID_AUT`,`ISBN`) VALUES (44,'194862546-6');
INSERT INTO SCRIVE (`ID_AUT`,`ISBN`) VALUES (22,'214940353-6');
INSERT INTO SCRIVE (`ID_AUT`,`ISBN`) VALUES (100,'214940353-6');
INSERT INTO SCRIVE (`ID_AUT`,`ISBN`) VALUES (35,'216013488-0');
INSERT INTO SCRIVE (`ID_AUT`,`ISBN`) VALUES (46,'216013488-0');
INSERT INTO SCRIVE (`ID_AUT`,`ISBN`) VALUES (55,'216013488-0');
INSERT INTO SCRIVE (`ID_AUT`,`ISBN`) VALUES (63,'216013488-0');
INSERT INTO SCRIVE (`ID_AUT`,`ISBN`) VALUES (66,'222223087-X');
INSERT INTO SCRIVE (`ID_AUT`,`ISBN`) VALUES (2,'226372696-9');
INSERT INTO SCRIVE (`ID_AUT`,`ISBN`) VALUES (60,'226372696-9');
INSERT INTO SCRIVE (`ID_AUT`,`ISBN`) VALUES (68,'226372696-9');
INSERT INTO SCRIVE (`ID_AUT`,`ISBN`) VALUES (88,'226372696-9');
INSERT INTO SCRIVE (`ID_AUT`,`ISBN`) VALUES (90,'226372696-9');
INSERT INTO SCRIVE (`ID_AUT`,`ISBN`) VALUES (2,'253760945-X');
INSERT INTO SCRIVE (`ID_AUT`,`ISBN`) VALUES (18,'253760945-X');
INSERT INTO SCRIVE (`ID_AUT`,`ISBN`) VALUES (78,'253760945-X');
INSERT INTO SCRIVE (`ID_AUT`,`ISBN`) VALUES (13,'255439894-1');
INSERT INTO SCRIVE (`ID_AUT`,`ISBN`) VALUES (17,'255439894-1');
INSERT INTO SCRIVE (`ID_AUT`,`ISBN`) VALUES (18,'256739345-5');
INSERT INTO SCRIVE (`ID_AUT`,`ISBN`) VALUES (45,'256739345-5');
INSERT INTO SCRIVE (`ID_AUT`,`ISBN`) VALUES (89,'259418123-4');
INSERT INTO SCRIVE (`ID_AUT`,`ISBN`) VALUES (49,'259579784-0');
INSERT INTO SCRIVE (`ID_AUT`,`ISBN`) VALUES (93,'259579784-0');
INSERT INTO SCRIVE (`ID_AUT`,`ISBN`) VALUES (97,'259579784-0');
INSERT INTO SCRIVE (`ID_AUT`,`ISBN`) VALUES (50,'264788349-1');
INSERT INTO SCRIVE (`ID_AUT`,`ISBN`) VALUES (61,'264788349-1');
INSERT INTO SCRIVE (`ID_AUT`,`ISBN`) VALUES (67,'264788349-1');
INSERT INTO SCRIVE (`ID_AUT`,`ISBN`) VALUES (31,'265972215-3');
INSERT INTO SCRIVE (`ID_AUT`,`ISBN`) VALUES (78,'265972215-3');
INSERT INTO SCRIVE (`ID_AUT`,`ISBN`) VALUES (11,'271280652-2');
INSERT INTO SCRIVE (`ID_AUT`,`ISBN`) VALUES (45,'271280652-2');
INSERT INTO SCRIVE (`ID_AUT`,`ISBN`) VALUES (84,'271280652-2');
INSERT INTO SCRIVE (`ID_AUT`,`ISBN`) VALUES (87,'271280652-2');
INSERT INTO SCRIVE (`ID_AUT`,`ISBN`) VALUES (4,'280992700-6');
INSERT INTO SCRIVE (`ID_AUT`,`ISBN`) VALUES (25,'280992700-6');
INSERT INTO SCRIVE (`ID_AUT`,`ISBN`) VALUES (65,'280992700-6');
INSERT INTO SCRIVE (`ID_AUT`,`ISBN`) VALUES (59,'284203566-6');
INSERT INTO SCRIVE (`ID_AUT`,`ISBN`) VALUES (86,'284203566-6');
INSERT INTO SCRIVE (`ID_AUT`,`ISBN`) VALUES (93,'284203566-6');
INSERT INTO SCRIVE (`ID_AUT`,`ISBN`) VALUES (17,'290005808-2');
INSERT INTO SCRIVE (`ID_AUT`,`ISBN`) VALUES (93,'292051296-X');
INSERT INTO SCRIVE (`ID_AUT`,`ISBN`) VALUES (30,'296111646-5');
INSERT INTO SCRIVE (`ID_AUT`,`ISBN`) VALUES (38,'296111646-5');
INSERT INTO SCRIVE (`ID_AUT`,`ISBN`) VALUES (40,'296111646-5');
INSERT INTO SCRIVE (`ID_AUT`,`ISBN`) VALUES (52,'296111646-5');
INSERT INTO SCRIVE (`ID_AUT`,`ISBN`) VALUES (54,'296111646-5');
INSERT INTO SCRIVE (`ID_AUT`,`ISBN`) VALUES (36,'299282269-8');
INSERT INTO SCRIVE (`ID_AUT`,`ISBN`) VALUES (68,'299282269-8');
INSERT INTO SCRIVE (`ID_AUT`,`ISBN`) VALUES (90,'299282269-8');
INSERT INTO SCRIVE (`ID_AUT`,`ISBN`) VALUES (93,'299282269-8');
INSERT INTO SCRIVE (`ID_AUT`,`ISBN`) VALUES (9,'300485539-9');
INSERT INTO SCRIVE (`ID_AUT`,`ISBN`) VALUES (56,'300485539-9');
INSERT INTO SCRIVE (`ID_AUT`,`ISBN`) VALUES (87,'300485539-9');
INSERT INTO SCRIVE (`ID_AUT`,`ISBN`) VALUES (8,'301170811-8');
INSERT INTO SCRIVE (`ID_AUT`,`ISBN`) VALUES (76,'301170811-8');
INSERT INTO SCRIVE (`ID_AUT`,`ISBN`) VALUES (2,'331424241-7');
INSERT INTO SCRIVE (`ID_AUT`,`ISBN`) VALUES (68,'331424241-7');
INSERT INTO SCRIVE (`ID_AUT`,`ISBN`) VALUES (69,'331424241-7');
INSERT INTO SCRIVE (`ID_AUT`,`ISBN`) VALUES (65,'333748888-9');
INSERT INTO SCRIVE (`ID_AUT`,`ISBN`) VALUES (78,'333748888-9');
INSERT INTO SCRIVE (`ID_AUT`,`ISBN`) VALUES (14,'343838580-5');
INSERT INTO SCRIVE (`ID_AUT`,`ISBN`) VALUES (16,'343838580-5');
INSERT INTO SCRIVE (`ID_AUT`,`ISBN`) VALUES (37,'343838580-5');
INSERT INTO SCRIVE (`ID_AUT`,`ISBN`) VALUES (49,'343838580-5');
INSERT INTO SCRIVE (`ID_AUT`,`ISBN`) VALUES (86,'343838580-5');
INSERT INTO SCRIVE (`ID_AUT`,`ISBN`) VALUES (82,'346481000-3');
INSERT INTO SCRIVE (`ID_AUT`,`ISBN`) VALUES (39,'347737564-5');
INSERT INTO SCRIVE (`ID_AUT`,`ISBN`) VALUES (45,'347737564-5');
INSERT INTO SCRIVE (`ID_AUT`,`ISBN`) VALUES (86,'347737564-5');
INSERT INTO SCRIVE (`ID_AUT`,`ISBN`) VALUES (34,'351898785-2');
INSERT INTO SCRIVE (`ID_AUT`,`ISBN`) VALUES (39,'351898785-2');
INSERT INTO SCRIVE (`ID_AUT`,`ISBN`) VALUES (31,'356414253-3');
INSERT INTO SCRIVE (`ID_AUT`,`ISBN`) VALUES (73,'356414253-3');
INSERT INTO SCRIVE (`ID_AUT`,`ISBN`) VALUES (83,'356414253-3');
INSERT INTO SCRIVE (`ID_AUT`,`ISBN`) VALUES (56,'362309208-8');
INSERT INTO SCRIVE (`ID_AUT`,`ISBN`) VALUES (19,'364615054-8');
INSERT INTO SCRIVE (`ID_AUT`,`ISBN`) VALUES (54,'364615054-8');
INSERT INTO SCRIVE (`ID_AUT`,`ISBN`) VALUES (79,'364615054-8');
INSERT INTO SCRIVE (`ID_AUT`,`ISBN`) VALUES (57,'366292343-2');
INSERT INTO SCRIVE (`ID_AUT`,`ISBN`) VALUES (87,'366292343-2');
INSERT INTO SCRIVE (`ID_AUT`,`ISBN`) VALUES (94,'366292343-2');
INSERT INTO SCRIVE (`ID_AUT`,`ISBN`) VALUES (23,'368515943-7');
INSERT INTO SCRIVE (`ID_AUT`,`ISBN`) VALUES (100,'368515943-7');
INSERT INTO SCRIVE (`ID_AUT`,`ISBN`) VALUES (6,'368968937-6');
INSERT INTO SCRIVE (`ID_AUT`,`ISBN`) VALUES (66,'368968937-6');
INSERT INTO SCRIVE (`ID_AUT`,`ISBN`) VALUES (76,'368968937-6');
INSERT INTO SCRIVE (`ID_AUT`,`ISBN`) VALUES (88,'368968937-6');
INSERT INTO SCRIVE (`ID_AUT`,`ISBN`) VALUES (14,'368990830-2');
INSERT INTO SCRIVE (`ID_AUT`,`ISBN`) VALUES (18,'368990830-2');
INSERT INTO SCRIVE (`ID_AUT`,`ISBN`) VALUES (27,'368990830-2');
INSERT INTO SCRIVE (`ID_AUT`,`ISBN`) VALUES (53,'368990830-2');
INSERT INTO SCRIVE (`ID_AUT`,`ISBN`) VALUES (51,'369048652-1');
INSERT INTO SCRIVE (`ID_AUT`,`ISBN`) VALUES (64,'369048652-1');
INSERT INTO SCRIVE (`ID_AUT`,`ISBN`) VALUES (3,'371268896-2');
INSERT INTO SCRIVE (`ID_AUT`,`ISBN`) VALUES (17,'371268896-2');
INSERT INTO SCRIVE (`ID_AUT`,`ISBN`) VALUES (17,'372098427-3');
INSERT INTO SCRIVE (`ID_AUT`,`ISBN`) VALUES (26,'372098427-3');
INSERT INTO SCRIVE (`ID_AUT`,`ISBN`) VALUES (70,'372098427-3');
INSERT INTO SCRIVE (`ID_AUT`,`ISBN`) VALUES (23,'376459959-6');
INSERT INTO SCRIVE (`ID_AUT`,`ISBN`) VALUES (46,'376459959-6');
INSERT INTO SCRIVE (`ID_AUT`,`ISBN`) VALUES (58,'376459959-6');
INSERT INTO SCRIVE (`ID_AUT`,`ISBN`) VALUES (87,'376459959-6');
INSERT INTO SCRIVE (`ID_AUT`,`ISBN`) VALUES (2,'384050463-5');
INSERT INTO SCRIVE (`ID_AUT`,`ISBN`) VALUES (5,'384050463-5');
INSERT INTO SCRIVE (`ID_AUT`,`ISBN`) VALUES (10,'384050463-5');
INSERT INTO SCRIVE (`ID_AUT`,`ISBN`) VALUES (95,'384050463-5');
INSERT INTO SCRIVE (`ID_AUT`,`ISBN`) VALUES (8,'385828979-5');
INSERT INTO SCRIVE (`ID_AUT`,`ISBN`) VALUES (20,'385828979-5');
INSERT INTO SCRIVE (`ID_AUT`,`ISBN`) VALUES (27,'385828979-5');
INSERT INTO SCRIVE (`ID_AUT`,`ISBN`) VALUES (40,'385828979-5');
INSERT INTO SCRIVE (`ID_AUT`,`ISBN`) VALUES (48,'385828979-5');
INSERT INTO SCRIVE (`ID_AUT`,`ISBN`) VALUES (73,'385828979-5');
INSERT INTO SCRIVE (`ID_AUT`,`ISBN`) VALUES (22,'386397507-3');
INSERT INTO SCRIVE (`ID_AUT`,`ISBN`) VALUES (47,'386397507-3');
INSERT INTO SCRIVE (`ID_AUT`,`ISBN`) VALUES (48,'386397507-3');
INSERT INTO SCRIVE (`ID_AUT`,`ISBN`) VALUES (73,'386397507-3');
INSERT INTO SCRIVE (`ID_AUT`,`ISBN`) VALUES (56,'387623794-7');
INSERT INTO SCRIVE (`ID_AUT`,`ISBN`) VALUES (72,'387623794-7');
INSERT INTO SCRIVE (`ID_AUT`,`ISBN`) VALUES (98,'387623794-7');
INSERT INTO SCRIVE (`ID_AUT`,`ISBN`) VALUES (10,'389625239-9');
INSERT INTO SCRIVE (`ID_AUT`,`ISBN`) VALUES (95,'391578830-9');
INSERT INTO SCRIVE (`ID_AUT`,`ISBN`) VALUES (2,'394873350-3');
INSERT INTO SCRIVE (`ID_AUT`,`ISBN`) VALUES (12,'394873350-3');
INSERT INTO SCRIVE (`ID_AUT`,`ISBN`) VALUES (24,'394873350-3');
INSERT INTO SCRIVE (`ID_AUT`,`ISBN`) VALUES (66,'394873350-3');
INSERT INTO SCRIVE (`ID_AUT`,`ISBN`) VALUES (9,'404884623-X');
INSERT INTO SCRIVE (`ID_AUT`,`ISBN`) VALUES (13,'404884623-X');
INSERT INTO SCRIVE (`ID_AUT`,`ISBN`) VALUES (40,'404884623-X');
INSERT INTO SCRIVE (`ID_AUT`,`ISBN`) VALUES (96,'404884623-X');
INSERT INTO SCRIVE (`ID_AUT`,`ISBN`) VALUES (99,'404884623-X');
INSERT INTO SCRIVE (`ID_AUT`,`ISBN`) VALUES (16,'405663612-5');
INSERT INTO SCRIVE (`ID_AUT`,`ISBN`) VALUES (55,'405663612-5');
INSERT INTO SCRIVE (`ID_AUT`,`ISBN`) VALUES (58,'405663612-5');
INSERT INTO SCRIVE (`ID_AUT`,`ISBN`) VALUES (60,'405663612-5');
INSERT INTO SCRIVE (`ID_AUT`,`ISBN`) VALUES (66,'405663612-5');
INSERT INTO SCRIVE (`ID_AUT`,`ISBN`) VALUES (91,'405663612-5');
INSERT INTO SCRIVE (`ID_AUT`,`ISBN`) VALUES (13,'421128511-4');
INSERT INTO SCRIVE (`ID_AUT`,`ISBN`) VALUES (29,'421128511-4');
INSERT INTO SCRIVE (`ID_AUT`,`ISBN`) VALUES (45,'421128511-4');
INSERT INTO SCRIVE (`ID_AUT`,`ISBN`) VALUES (90,'421128511-4');
INSERT INTO SCRIVE (`ID_AUT`,`ISBN`) VALUES (14,'421308038-2');
INSERT INTO SCRIVE (`ID_AUT`,`ISBN`) VALUES (37,'421308038-2');
INSERT INTO SCRIVE (`ID_AUT`,`ISBN`) VALUES (49,'421308038-2');
INSERT INTO SCRIVE (`ID_AUT`,`ISBN`) VALUES (33,'425111017-X');
INSERT INTO SCRIVE (`ID_AUT`,`ISBN`) VALUES (55,'425111017-X');
INSERT INTO SCRIVE (`ID_AUT`,`ISBN`) VALUES (98,'425111017-X');
INSERT INTO SCRIVE (`ID_AUT`,`ISBN`) VALUES (42,'432587582-4');
INSERT INTO SCRIVE (`ID_AUT`,`ISBN`) VALUES (63,'432587582-4');
INSERT INTO SCRIVE (`ID_AUT`,`ISBN`) VALUES (67,'432587582-4');
INSERT INTO SCRIVE (`ID_AUT`,`ISBN`) VALUES (35,'435456826-8');
INSERT INTO SCRIVE (`ID_AUT`,`ISBN`) VALUES (78,'435456826-8');
INSERT INTO SCRIVE (`ID_AUT`,`ISBN`) VALUES (32,'436501926-0');
INSERT INTO SCRIVE (`ID_AUT`,`ISBN`) VALUES (78,'436501926-0');
INSERT INTO SCRIVE (`ID_AUT`,`ISBN`) VALUES (38,'441842932-8');
INSERT INTO SCRIVE (`ID_AUT`,`ISBN`) VALUES (86,'441842932-8');
INSERT INTO SCRIVE (`ID_AUT`,`ISBN`) VALUES (87,'441842932-8');
INSERT INTO SCRIVE (`ID_AUT`,`ISBN`) VALUES (82,'449571196-2');
INSERT INTO SCRIVE (`ID_AUT`,`ISBN`) VALUES (20,'457456450-4');
INSERT INTO SCRIVE (`ID_AUT`,`ISBN`) VALUES (38,'457456450-4');
INSERT INTO SCRIVE (`ID_AUT`,`ISBN`) VALUES (51,'457456450-4');
INSERT INTO SCRIVE (`ID_AUT`,`ISBN`) VALUES (69,'457456450-4');
INSERT INTO SCRIVE (`ID_AUT`,`ISBN`) VALUES (100,'457456450-4');
INSERT INTO SCRIVE (`ID_AUT`,`ISBN`) VALUES (12,'469785019-X');
INSERT INTO SCRIVE (`ID_AUT`,`ISBN`) VALUES (26,'469785019-X');
INSERT INTO SCRIVE (`ID_AUT`,`ISBN`) VALUES (37,'469785019-X');
INSERT INTO SCRIVE (`ID_AUT`,`ISBN`) VALUES (35,'469863297-8');
INSERT INTO SCRIVE (`ID_AUT`,`ISBN`) VALUES (46,'469863297-8');
INSERT INTO SCRIVE (`ID_AUT`,`ISBN`) VALUES (46,'492112694-1');
INSERT INTO SCRIVE (`ID_AUT`,`ISBN`) VALUES (56,'492112694-1');
INSERT INTO SCRIVE (`ID_AUT`,`ISBN`) VALUES (94,'492112694-1');
INSERT INTO SCRIVE (`ID_AUT`,`ISBN`) VALUES (82,'501862280-6');
INSERT INTO SCRIVE (`ID_AUT`,`ISBN`) VALUES (26,'502714957-3');
INSERT INTO SCRIVE (`ID_AUT`,`ISBN`) VALUES (60,'502714957-3');
INSERT INTO SCRIVE (`ID_AUT`,`ISBN`) VALUES (63,'502714957-3');
INSERT INTO SCRIVE (`ID_AUT`,`ISBN`) VALUES (11,'507124152-8');
INSERT INTO SCRIVE (`ID_AUT`,`ISBN`) VALUES (41,'507124152-8');
INSERT INTO SCRIVE (`ID_AUT`,`ISBN`) VALUES (46,'507124152-8');
INSERT INTO SCRIVE (`ID_AUT`,`ISBN`) VALUES (53,'507124152-8');
INSERT INTO SCRIVE (`ID_AUT`,`ISBN`) VALUES (63,'507124152-8');
INSERT INTO SCRIVE (`ID_AUT`,`ISBN`) VALUES (85,'507124152-8');
INSERT INTO SCRIVE (`ID_AUT`,`ISBN`) VALUES (69,'509808775-9');
INSERT INTO SCRIVE (`ID_AUT`,`ISBN`) VALUES (29,'510453377-8');
INSERT INTO SCRIVE (`ID_AUT`,`ISBN`) VALUES (34,'510453377-8');
INSERT INTO SCRIVE (`ID_AUT`,`ISBN`) VALUES (37,'510453377-8');
INSERT INTO SCRIVE (`ID_AUT`,`ISBN`) VALUES (3,'515279116-1');
INSERT INTO SCRIVE (`ID_AUT`,`ISBN`) VALUES (4,'515279116-1');
INSERT INTO SCRIVE (`ID_AUT`,`ISBN`) VALUES (65,'515279116-1');
INSERT INTO SCRIVE (`ID_AUT`,`ISBN`) VALUES (67,'515279116-1');
INSERT INTO SCRIVE (`ID_AUT`,`ISBN`) VALUES (77,'515279116-1');
INSERT INTO SCRIVE (`ID_AUT`,`ISBN`) VALUES (88,'515279116-1');
INSERT INTO SCRIVE (`ID_AUT`,`ISBN`) VALUES (92,'515279116-1');
INSERT INTO SCRIVE (`ID_AUT`,`ISBN`) VALUES (95,'515279116-1');
INSERT INTO SCRIVE (`ID_AUT`,`ISBN`) VALUES (82,'516983356-3');
INSERT INTO SCRIVE (`ID_AUT`,`ISBN`) VALUES (27,'517581126-6');
INSERT INTO SCRIVE (`ID_AUT`,`ISBN`) VALUES (37,'517581126-6');
INSERT INTO SCRIVE (`ID_AUT`,`ISBN`) VALUES (14,'521329516-9');
INSERT INTO SCRIVE (`ID_AUT`,`ISBN`) VALUES (18,'521329516-9');
INSERT INTO SCRIVE (`ID_AUT`,`ISBN`) VALUES (70,'521329516-9');
INSERT INTO SCRIVE (`ID_AUT`,`ISBN`) VALUES (23,'521847642-0');
INSERT INTO SCRIVE (`ID_AUT`,`ISBN`) VALUES (60,'521847642-0');
INSERT INTO SCRIVE (`ID_AUT`,`ISBN`) VALUES (6,'526942871-7');
INSERT INTO SCRIVE (`ID_AUT`,`ISBN`) VALUES (15,'526942871-7');
INSERT INTO SCRIVE (`ID_AUT`,`ISBN`) VALUES (24,'526942871-7');
INSERT INTO SCRIVE (`ID_AUT`,`ISBN`) VALUES (71,'526942871-7');
INSERT INTO SCRIVE (`ID_AUT`,`ISBN`) VALUES (73,'526942871-7');
INSERT INTO SCRIVE (`ID_AUT`,`ISBN`) VALUES (18,'536751983-0');
INSERT INTO SCRIVE (`ID_AUT`,`ISBN`) VALUES (20,'536751983-0');
INSERT INTO SCRIVE (`ID_AUT`,`ISBN`) VALUES (48,'536751983-0');
INSERT INTO SCRIVE (`ID_AUT`,`ISBN`) VALUES (21,'542931356-4');
INSERT INTO SCRIVE (`ID_AUT`,`ISBN`) VALUES (29,'542931356-4');
INSERT INTO SCRIVE (`ID_AUT`,`ISBN`) VALUES (47,'542931356-4');
INSERT INTO SCRIVE (`ID_AUT`,`ISBN`) VALUES (67,'542931356-4');
INSERT INTO SCRIVE (`ID_AUT`,`ISBN`) VALUES (89,'542931356-4');
INSERT INTO SCRIVE (`ID_AUT`,`ISBN`) VALUES (14,'554021569-9');
INSERT INTO SCRIVE (`ID_AUT`,`ISBN`) VALUES (35,'554021569-9');
INSERT INTO SCRIVE (`ID_AUT`,`ISBN`) VALUES (56,'554021569-9');
INSERT INTO SCRIVE (`ID_AUT`,`ISBN`) VALUES (75,'554021569-9');
INSERT INTO SCRIVE (`ID_AUT`,`ISBN`) VALUES (9,'560211284-7');
INSERT INTO SCRIVE (`ID_AUT`,`ISBN`) VALUES (14,'560211284-7');
INSERT INTO SCRIVE (`ID_AUT`,`ISBN`) VALUES (84,'560797299-2');
INSERT INTO SCRIVE (`ID_AUT`,`ISBN`) VALUES (20,'565659819-5');
INSERT INTO SCRIVE (`ID_AUT`,`ISBN`) VALUES (33,'565659819-5');
INSERT INTO SCRIVE (`ID_AUT`,`ISBN`) VALUES (50,'565659819-5');
INSERT INTO SCRIVE (`ID_AUT`,`ISBN`) VALUES (71,'565659819-5');
INSERT INTO SCRIVE (`ID_AUT`,`ISBN`) VALUES (1,'584224789-5');
INSERT INTO SCRIVE (`ID_AUT`,`ISBN`) VALUES (27,'584224789-5');
INSERT INTO SCRIVE (`ID_AUT`,`ISBN`) VALUES (30,'584224789-5');
INSERT INTO SCRIVE (`ID_AUT`,`ISBN`) VALUES (68,'584224789-5');
INSERT INTO SCRIVE (`ID_AUT`,`ISBN`) VALUES (20,'585173205-9');
INSERT INTO SCRIVE (`ID_AUT`,`ISBN`) VALUES (31,'585173205-9');
INSERT INTO SCRIVE (`ID_AUT`,`ISBN`) VALUES (36,'585173205-9');
INSERT INTO SCRIVE (`ID_AUT`,`ISBN`) VALUES (10,'594275024-6');
INSERT INTO SCRIVE (`ID_AUT`,`ISBN`) VALUES (11,'594275024-6');
INSERT INTO SCRIVE (`ID_AUT`,`ISBN`) VALUES (18,'594275024-6');
INSERT INTO SCRIVE (`ID_AUT`,`ISBN`) VALUES (59,'594275024-6');
INSERT INTO SCRIVE (`ID_AUT`,`ISBN`) VALUES (21,'595626866-2');
INSERT INTO SCRIVE (`ID_AUT`,`ISBN`) VALUES (50,'595626866-2');
INSERT INTO SCRIVE (`ID_AUT`,`ISBN`) VALUES (53,'600597433-5');
INSERT INTO SCRIVE (`ID_AUT`,`ISBN`) VALUES (62,'601546113-6');
INSERT INTO SCRIVE (`ID_AUT`,`ISBN`) VALUES (92,'601546113-6');
INSERT INTO SCRIVE (`ID_AUT`,`ISBN`) VALUES (89,'607745120-7');
INSERT INTO SCRIVE (`ID_AUT`,`ISBN`) VALUES (95,'607745120-7');
INSERT INTO SCRIVE (`ID_AUT`,`ISBN`) VALUES (99,'611928800-7');
INSERT INTO SCRIVE (`ID_AUT`,`ISBN`) VALUES (79,'653073623-9');
INSERT INTO SCRIVE (`ID_AUT`,`ISBN`) VALUES (5,'653175736-1');
INSERT INTO SCRIVE (`ID_AUT`,`ISBN`) VALUES (48,'653175736-1');
INSERT INTO SCRIVE (`ID_AUT`,`ISBN`) VALUES (51,'653175736-1');
INSERT INTO SCRIVE (`ID_AUT`,`ISBN`) VALUES (82,'653175736-1');
INSERT INTO SCRIVE (`ID_AUT`,`ISBN`) VALUES (21,'657583349-7');
INSERT INTO SCRIVE (`ID_AUT`,`ISBN`) VALUES (23,'657583349-7');
INSERT INTO SCRIVE (`ID_AUT`,`ISBN`) VALUES (52,'660038142-6');
INSERT INTO SCRIVE (`ID_AUT`,`ISBN`) VALUES (43,'661872594-1');
INSERT INTO SCRIVE (`ID_AUT`,`ISBN`) VALUES (66,'661872594-1');
INSERT INTO SCRIVE (`ID_AUT`,`ISBN`) VALUES (19,'663119553-5');
INSERT INTO SCRIVE (`ID_AUT`,`ISBN`) VALUES (20,'666013383-6');
INSERT INTO SCRIVE (`ID_AUT`,`ISBN`) VALUES (47,'666013383-6');
INSERT INTO SCRIVE (`ID_AUT`,`ISBN`) VALUES (59,'666013383-6');
INSERT INTO SCRIVE (`ID_AUT`,`ISBN`) VALUES (66,'666013383-6');
INSERT INTO SCRIVE (`ID_AUT`,`ISBN`) VALUES (77,'666013383-6');
INSERT INTO SCRIVE (`ID_AUT`,`ISBN`) VALUES (88,'666013383-6');
INSERT INTO SCRIVE (`ID_AUT`,`ISBN`) VALUES (98,'666013383-6');
INSERT INTO SCRIVE (`ID_AUT`,`ISBN`) VALUES (23,'671158165-2');
INSERT INTO SCRIVE (`ID_AUT`,`ISBN`) VALUES (55,'671158165-2');
INSERT INTO SCRIVE (`ID_AUT`,`ISBN`) VALUES (65,'672217513-8');
INSERT INTO SCRIVE (`ID_AUT`,`ISBN`) VALUES (74,'672217513-8');
INSERT INTO SCRIVE (`ID_AUT`,`ISBN`) VALUES (9,'672560381-5');
INSERT INTO SCRIVE (`ID_AUT`,`ISBN`) VALUES (22,'672560381-5');
INSERT INTO SCRIVE (`ID_AUT`,`ISBN`) VALUES (25,'672560381-5');
INSERT INTO SCRIVE (`ID_AUT`,`ISBN`) VALUES (28,'672560381-5');
INSERT INTO SCRIVE (`ID_AUT`,`ISBN`) VALUES (45,'672560381-5');
INSERT INTO SCRIVE (`ID_AUT`,`ISBN`) VALUES (74,'672560381-5');
INSERT INTO SCRIVE (`ID_AUT`,`ISBN`) VALUES (91,'672560381-5');
INSERT INTO SCRIVE (`ID_AUT`,`ISBN`) VALUES (97,'672560381-5');
INSERT INTO SCRIVE (`ID_AUT`,`ISBN`) VALUES (28,'698429931-4');
INSERT INTO SCRIVE (`ID_AUT`,`ISBN`) VALUES (42,'698429931-4');
INSERT INTO SCRIVE (`ID_AUT`,`ISBN`) VALUES (67,'698429931-4');
INSERT INTO SCRIVE (`ID_AUT`,`ISBN`) VALUES (69,'698429931-4');
INSERT INTO SCRIVE (`ID_AUT`,`ISBN`) VALUES (27,'711604128-1');
INSERT INTO SCRIVE (`ID_AUT`,`ISBN`) VALUES (84,'711604128-1');
INSERT INTO SCRIVE (`ID_AUT`,`ISBN`) VALUES (99,'711604128-1');
INSERT INTO SCRIVE (`ID_AUT`,`ISBN`) VALUES (60,'712463375-3');
INSERT INTO SCRIVE (`ID_AUT`,`ISBN`) VALUES (99,'712463375-3');
INSERT INTO SCRIVE (`ID_AUT`,`ISBN`) VALUES (80,'733508116-5');
INSERT INTO SCRIVE (`ID_AUT`,`ISBN`) VALUES (56,'740153355-3');
INSERT INTO SCRIVE (`ID_AUT`,`ISBN`) VALUES (58,'740153355-3');
INSERT INTO SCRIVE (`ID_AUT`,`ISBN`) VALUES (90,'740153355-3');
INSERT INTO SCRIVE (`ID_AUT`,`ISBN`) VALUES (55,'742437654-3');
INSERT INTO SCRIVE (`ID_AUT`,`ISBN`) VALUES (48,'744780754-0');
INSERT INTO SCRIVE (`ID_AUT`,`ISBN`) VALUES (82,'744780754-0');
INSERT INTO SCRIVE (`ID_AUT`,`ISBN`) VALUES (83,'744780754-0');
INSERT INTO SCRIVE (`ID_AUT`,`ISBN`) VALUES (46,'752213396-3');
INSERT INTO SCRIVE (`ID_AUT`,`ISBN`) VALUES (47,'752213396-3');
INSERT INTO SCRIVE (`ID_AUT`,`ISBN`) VALUES (56,'752213396-3');
INSERT INTO SCRIVE (`ID_AUT`,`ISBN`) VALUES (8,'756564271-1');
INSERT INTO SCRIVE (`ID_AUT`,`ISBN`) VALUES (24,'756564271-1');
INSERT INTO SCRIVE (`ID_AUT`,`ISBN`) VALUES (46,'756564271-1');
INSERT INTO SCRIVE (`ID_AUT`,`ISBN`) VALUES (70,'760264513-8');
INSERT INTO SCRIVE (`ID_AUT`,`ISBN`) VALUES (71,'760264513-8');
INSERT INTO SCRIVE (`ID_AUT`,`ISBN`) VALUES (96,'768148078-1');
INSERT INTO SCRIVE (`ID_AUT`,`ISBN`) VALUES (26,'769740772-8');
INSERT INTO SCRIVE (`ID_AUT`,`ISBN`) VALUES (41,'769740772-8');
INSERT INTO SCRIVE (`ID_AUT`,`ISBN`) VALUES (71,'769740772-8');
INSERT INTO SCRIVE (`ID_AUT`,`ISBN`) VALUES (93,'769740772-8');
INSERT INTO SCRIVE (`ID_AUT`,`ISBN`) VALUES (74,'775940054-3');
INSERT INTO SCRIVE (`ID_AUT`,`ISBN`) VALUES (100,'775940054-3');
INSERT INTO SCRIVE (`ID_AUT`,`ISBN`) VALUES (23,'786395256-5');
INSERT INTO SCRIVE (`ID_AUT`,`ISBN`) VALUES (54,'786395256-5');
INSERT INTO SCRIVE (`ID_AUT`,`ISBN`) VALUES (74,'786395256-5');
INSERT INTO SCRIVE (`ID_AUT`,`ISBN`) VALUES (15,'801081738-4');
INSERT INTO SCRIVE (`ID_AUT`,`ISBN`) VALUES (36,'801081738-4');
INSERT INTO SCRIVE (`ID_AUT`,`ISBN`) VALUES (2,'814543114-X');
INSERT INTO SCRIVE (`ID_AUT`,`ISBN`) VALUES (53,'814543114-X');
INSERT INTO SCRIVE (`ID_AUT`,`ISBN`) VALUES (16,'816886703-3');
INSERT INTO SCRIVE (`ID_AUT`,`ISBN`) VALUES (74,'816886703-3');
INSERT INTO SCRIVE (`ID_AUT`,`ISBN`) VALUES (27,'825867311-4');
INSERT INTO SCRIVE (`ID_AUT`,`ISBN`) VALUES (47,'825867311-4');
INSERT INTO SCRIVE (`ID_AUT`,`ISBN`) VALUES (62,'825867311-4');
INSERT INTO SCRIVE (`ID_AUT`,`ISBN`) VALUES (3,'829509196-4');
INSERT INTO SCRIVE (`ID_AUT`,`ISBN`) VALUES (73,'829509196-4');
INSERT INTO SCRIVE (`ID_AUT`,`ISBN`) VALUES (3,'829914597-X');
INSERT INTO SCRIVE (`ID_AUT`,`ISBN`) VALUES (8,'829914597-X');
INSERT INTO SCRIVE (`ID_AUT`,`ISBN`) VALUES (63,'829914597-X');
INSERT INTO SCRIVE (`ID_AUT`,`ISBN`) VALUES (10,'836374770-X');
INSERT INTO SCRIVE (`ID_AUT`,`ISBN`) VALUES (56,'836374770-X');
INSERT INTO SCRIVE (`ID_AUT`,`ISBN`) VALUES (88,'836374770-X');
INSERT INTO SCRIVE (`ID_AUT`,`ISBN`) VALUES (1,'843331705-9');
INSERT INTO SCRIVE (`ID_AUT`,`ISBN`) VALUES (16,'843331705-9');
INSERT INTO SCRIVE (`ID_AUT`,`ISBN`) VALUES (88,'843331705-9');
INSERT INTO SCRIVE (`ID_AUT`,`ISBN`) VALUES (27,'851106761-2');
INSERT INTO SCRIVE (`ID_AUT`,`ISBN`) VALUES (58,'851106761-2');
INSERT INTO SCRIVE (`ID_AUT`,`ISBN`) VALUES (93,'851106761-2');
INSERT INTO SCRIVE (`ID_AUT`,`ISBN`) VALUES (41,'857627191-5');
INSERT INTO SCRIVE (`ID_AUT`,`ISBN`) VALUES (61,'857627191-5');
INSERT INTO SCRIVE (`ID_AUT`,`ISBN`) VALUES (62,'857627191-5');
INSERT INTO SCRIVE (`ID_AUT`,`ISBN`) VALUES (73,'857627191-5');
INSERT INTO SCRIVE (`ID_AUT`,`ISBN`) VALUES (22,'860964250-X');
INSERT INTO SCRIVE (`ID_AUT`,`ISBN`) VALUES (27,'860964250-X');
INSERT INTO SCRIVE (`ID_AUT`,`ISBN`) VALUES (36,'860964250-X');
INSERT INTO SCRIVE (`ID_AUT`,`ISBN`) VALUES (44,'860964250-X');
INSERT INTO SCRIVE (`ID_AUT`,`ISBN`) VALUES (67,'860964250-X');
INSERT INTO SCRIVE (`ID_AUT`,`ISBN`) VALUES (62,'863050834-5');
INSERT INTO SCRIVE (`ID_AUT`,`ISBN`) VALUES (74,'863050834-5');
INSERT INTO SCRIVE (`ID_AUT`,`ISBN`) VALUES (95,'863050834-5');
INSERT INTO SCRIVE (`ID_AUT`,`ISBN`) VALUES (59,'867778553-1');
INSERT INTO SCRIVE (`ID_AUT`,`ISBN`) VALUES (91,'867778553-1');
INSERT INTO SCRIVE (`ID_AUT`,`ISBN`) VALUES (42,'870560200-9');
INSERT INTO SCRIVE (`ID_AUT`,`ISBN`) VALUES (12,'872379238-8');
INSERT INTO SCRIVE (`ID_AUT`,`ISBN`) VALUES (49,'872379238-8');
INSERT INTO SCRIVE (`ID_AUT`,`ISBN`) VALUES (56,'872379238-8');
INSERT INTO SCRIVE (`ID_AUT`,`ISBN`) VALUES (62,'872379238-8');
INSERT INTO SCRIVE (`ID_AUT`,`ISBN`) VALUES (82,'872379238-8');
INSERT INTO SCRIVE (`ID_AUT`,`ISBN`) VALUES (90,'872379238-8');
INSERT INTO SCRIVE (`ID_AUT`,`ISBN`) VALUES (93,'872379238-8');
INSERT INTO SCRIVE (`ID_AUT`,`ISBN`) VALUES (14,'875127371-3');
INSERT INTO SCRIVE (`ID_AUT`,`ISBN`) VALUES (19,'875127371-3');
INSERT INTO SCRIVE (`ID_AUT`,`ISBN`) VALUES (59,'875127371-3');
INSERT INTO SCRIVE (`ID_AUT`,`ISBN`) VALUES (86,'875127371-3');
INSERT INTO SCRIVE (`ID_AUT`,`ISBN`) VALUES (16,'887526619-0');
INSERT INTO SCRIVE (`ID_AUT`,`ISBN`) VALUES (19,'887526619-0');
INSERT INTO SCRIVE (`ID_AUT`,`ISBN`) VALUES (42,'887526619-0');
INSERT INTO SCRIVE (`ID_AUT`,`ISBN`) VALUES (83,'887526619-0');
INSERT INTO SCRIVE (`ID_AUT`,`ISBN`) VALUES (95,'887526619-0');
INSERT INTO SCRIVE (`ID_AUT`,`ISBN`) VALUES (6,'925812482-0');
INSERT INTO SCRIVE (`ID_AUT`,`ISBN`) VALUES (40,'925812482-0');
INSERT INTO SCRIVE (`ID_AUT`,`ISBN`) VALUES (43,'925812482-0');
INSERT INTO SCRIVE (`ID_AUT`,`ISBN`) VALUES (61,'925812482-0');
INSERT INTO SCRIVE (`ID_AUT`,`ISBN`) VALUES (87,'925812482-0');
INSERT INTO SCRIVE (`ID_AUT`,`ISBN`) VALUES (92,'925812482-0');
INSERT INTO SCRIVE (`ID_AUT`,`ISBN`) VALUES (9,'927994979-9');
INSERT INTO SCRIVE (`ID_AUT`,`ISBN`) VALUES (33,'927994979-9');
INSERT INTO SCRIVE (`ID_AUT`,`ISBN`) VALUES (22,'945660604-X');
INSERT INTO SCRIVE (`ID_AUT`,`ISBN`) VALUES (25,'945660604-X');
INSERT INTO SCRIVE (`ID_AUT`,`ISBN`) VALUES (38,'945660604-X');
INSERT INTO SCRIVE (`ID_AUT`,`ISBN`) VALUES (76,'945660604-X');
INSERT INTO SCRIVE (`ID_AUT`,`ISBN`) VALUES (90,'945660604-X');
INSERT INTO SCRIVE (`ID_AUT`,`ISBN`) VALUES (9,'946684198-X');
INSERT INTO SCRIVE (`ID_AUT`,`ISBN`) VALUES (19,'946684198-X');
INSERT INTO SCRIVE (`ID_AUT`,`ISBN`) VALUES (45,'946684198-X');
INSERT INTO SCRIVE (`ID_AUT`,`ISBN`) VALUES (7,'947990234-6');
INSERT INTO SCRIVE (`ID_AUT`,`ISBN`) VALUES (12,'947990234-6');
INSERT INTO SCRIVE (`ID_AUT`,`ISBN`) VALUES (57,'947990234-6');
INSERT INTO SCRIVE (`ID_AUT`,`ISBN`) VALUES (66,'951964371-0');
INSERT INTO SCRIVE (`ID_AUT`,`ISBN`) VALUES (65,'966859767-2');
INSERT INTO SCRIVE (`ID_AUT`,`ISBN`) VALUES (85,'966859767-2');
INSERT INTO SCRIVE (`ID_AUT`,`ISBN`) VALUES (10,'970334328-7');
INSERT INTO SCRIVE (`ID_AUT`,`ISBN`) VALUES (31,'970334328-7');
INSERT INTO SCRIVE (`ID_AUT`,`ISBN`) VALUES (43,'970334328-7');
INSERT INTO SCRIVE (`ID_AUT`,`ISBN`) VALUES (49,'970334328-7');
INSERT INTO SCRIVE (`ID_AUT`,`ISBN`) VALUES (64,'970334328-7');
INSERT INTO SCRIVE (`ID_AUT`,`ISBN`) VALUES (75,'970334328-7');
INSERT INTO SCRIVE (`ID_AUT`,`ISBN`) VALUES (8,'976860084-5');
INSERT INTO SCRIVE (`ID_AUT`,`ISBN`) VALUES (12,'976860084-5');
INSERT INTO SCRIVE (`ID_AUT`,`ISBN`) VALUES (18,'976860084-5');
INSERT INTO SCRIVE (`ID_AUT`,`ISBN`) VALUES (30,'976860084-5');
INSERT INTO SCRIVE (`ID_AUT`,`ISBN`) VALUES (47,'976860084-5');
INSERT INTO SCRIVE (`ID_AUT`,`ISBN`) VALUES (49,'976860084-5');
INSERT INTO SCRIVE (`ID_AUT`,`ISBN`) VALUES (60,'976860084-5');
INSERT INTO SCRIVE (`ID_AUT`,`ISBN`) VALUES (61,'976860084-5');
INSERT INTO SCRIVE (`ID_AUT`,`ISBN`) VALUES (78,'976860084-5');
INSERT INTO SCRIVE (`ID_AUT`,`ISBN`) VALUES (82,'976860084-5');
INSERT INTO SCRIVE (`ID_AUT`,`ISBN`) VALUES (83,'978061177-0');
INSERT INTO SCRIVE (`ID_AUT`,`ISBN`) VALUES (86,'978061177-0');
INSERT INTO SCRIVE (`ID_AUT`,`ISBN`) VALUES (13,'989371762-0');
INSERT INTO SCRIVE (`ID_AUT`,`ISBN`) VALUES (19,'989371762-0');
INSERT INTO SCRIVE (`ID_AUT`,`ISBN`) VALUES (67,'989371762-0');
INSERT INTO SCRIVE (`ID_AUT`,`ISBN`) VALUES (71,'989371762-0');
INSERT INTO SCRIVE (`ID_AUT`,`ISBN`) VALUES (3,'992229254-8');
INSERT INTO SCRIVE (`ID_AUT`,`ISBN`) VALUES (16,'992229254-8');
INSERT INTO SCRIVE (`ID_AUT`,`ISBN`) VALUES (47,'992229254-8');
INSERT INTO SCRIVE (`ID_AUT`,`ISBN`) VALUES (42,'998941371-1');



#LIBRI SEMPRE CON LO STESS MODO MA ANDANDO A MODIFICARE IL CSV PER AVERE GLI ID EDITORI

INSERT INTO LIBRO (`ISBN`,`TITOLO`,`ANNO_PUBBL`,`COD_ED`) VALUES ('000369692-8','Thief of Hearts',2016,10);
INSERT INTO LIBRO (`ISBN`,`TITOLO`,`ANNO_PUBBL`,`COD_ED`) VALUES ('004023598-X','Gingerbread Man The',2012,4);
INSERT INTO LIBRO (`ISBN`,`TITOLO`,`ANNO_PUBBL`,`COD_ED`) VALUES ('006821799-4','Counterfeiters The (Die Fälscher)',2018,9);
INSERT INTO LIBRO (`ISBN`,`TITOLO`,`ANNO_PUBBL`,`COD_ED`) VALUES ('009047587-9','Life of Another The (La vie d une autre)',2015,5);
INSERT INTO LIBRO (`ISBN`,`TITOLO`,`ANNO_PUBBL`,`COD_ED`) VALUES ('009140312-X','Death Defying Acts',2017,3);
INSERT INTO LIBRO (`ISBN`,`TITOLO`,`ANNO_PUBBL`,`COD_ED`) VALUES ('014330257-4','Longest Yard The',2010,6);
INSERT INTO LIBRO (`ISBN`,`TITOLO`,`ANNO_PUBBL`,`COD_ED`) VALUES ('015674765-0','Children Are Watching Us The (Bambini ci guardano I)',2018,4);
INSERT INTO LIBRO (`ISBN`,`TITOLO`E_SCRITTOE_SCRITTO,`ANNO_PUBBL`,`COD_ED`) VALUES ('022938411-0','Almanya - Welcome to Germany (Almanya - Willkommen in Deutschland)',2014,7);
INSERT INTO LIBRO (`ISBN`,`TITOLO`,`ANNO_PUBBL`,`COD_ED`) VALUES ('023019395-1','Heroine',2013,7);
INSERT INTO LIBRO (`ISBN`,`TITOLO`,`ANNO_PUBBL`,`COD_ED`) VALUES ('050916783-7','Inspectors The',2017,3);
INSERT INTO LIBRO (`ISBN`,`TITOLO`,`ANNO_PUBBL`,`COD_ED`) VALUES ('052706515-3','Dead Man Walking',2011,8);
INSERT INTO LIBRO (`ISBN`,`TITOLO`,`ANNO_PUBBL`,`COD_ED`) VALUES ('055417113-9','Private Detective 62',2017,9);
INSERT INTO LIBRO (`ISBN`,`TITOLO`,`ANNO_PUBBL`,`COD_ED`) VALUES ('060088686-7','Mondays in the Sun (Lunes al sol Los)',2019,9);
INSERT INTO LIBRO (`ISBN`,`TITOLO`,`ANNO_PUBBL`,`COD_ED`) VALUES ('065646345-7','Phil Spector',2020,3);
INSERT INTO LIBRO (`ISBN`,`TITOLO`,`ANNO_PUBBL`,`COD_ED`) VALUES ('068254989-4','Human Failure (Menschliches Versagen)',2014,8);
INSERT INTO LIBRO (`ISBN`,`TITOLO`,`ANNO_PUBBL`,`COD_ED`) VALUES ('075305079-X','Attack of the 50 Foot Woman',2010,2);
INSERT INTO LIBRO (`ISBN`,`TITOLO`,`ANNO_PUBBL`,`COD_ED`) VALUES ('076691563-8','Bed & Breakfast Love is a Happy Accident (Bed & Breakfast)',2018,3);
INSERT INTO LIBRO (`ISBN`,`TITOLO`,`ANNO_PUBBL`,`COD_ED`) VALUES ('083845517-4','Memory',2014,5);
INSERT INTO LIBRO (`ISBN`,`TITOLO`,`ANNO_PUBBL`,`COD_ED`) VALUES ('085745713-6','Suit for Wedding A (aka The Wedding Suit) (Lebassi Baraye Arossi)',2020,7);
INSERT INTO LIBRO (`ISBN`,`TITOLO`,`ANNO_PUBBL`,`COD_ED`) VALUES ('086031288-7','Stingray Sam',2019,9);
INSERT INTO LIBRO (`ISBN`,`TITOLO`,`ANNO_PUBBL`,`COD_ED`) VALUES ('087133062-8','Come Blow Your Horn',2013,6);
INSERT INTO LIBRO (`ISBN`,`TITOLO`,`ANNO_PUBBL`,`COD_ED`) VALUES ('093035174-6','Doc Savage The Man of Bronze',2015,3);
INSERT INTO LIBRO (`ISBN`,`TITOLO`,`ANNO_PUBBL`,`COD_ED`) VALUES ('101215590-0','Cars',2012,8);
INSERT INTO LIBRO (`ISBN`,`TITOLO`,`ANNO_PUBBL`,`COD_ED`) VALUES ('103300276-3','Sound of Music The',2019,4);
INSERT INTO LIBRO (`ISBN`,`TITOLO`,`ANNO_PUBBL`,`COD_ED`) VALUES ('129488690-8','Family Tree',2017,3);
INSERT INTO LIBRO (`ISBN`,`TITOLO`,`ANNO_PUBBL`,`COD_ED`) VALUES ('131544489-5','Addams Family The',2019,4);
INSERT INTO LIBRO (`ISBN`,`TITOLO`,`ANNO_PUBBL`,`COD_ED`) VALUES ('132261731-7','The Dark Horse',2018,3);
INSERT INTO LIBRO (`ISBN`,`TITOLO`,`ANNO_PUBBL`,`COD_ED`) VALUES ('136320382-7','Mon oncle d Amérique',2017,6);
INSERT INTO LIBRO (`ISBN`,`TITOLO`,`ANNO_PUBBL`,`COD_ED`) VALUES ('136964378-0','Maniac',2013,5);
INSERT INTO LIBRO (`ISBN`,`TITOLO`,`ANNO_PUBBL`,`COD_ED`) VALUES ('137066182-7','Gone Fishin ',2012,1);
INSERT INTO LIBRO (`ISBN`,`TITOLO`,`ANNO_PUBBL`,`COD_ED`) VALUES ('147191251-5','You Only Live Once',2018,4);
INSERT INTO LIBRO (`ISBN`,`TITOLO`,`ANNO_PUBBL`,`COD_ED`) VALUES ('158999545-7','Rains of Ranchipur The',2012,6);
INSERT INTO LIBRO (`ISBN`,`TITOLO`,`ANNO_PUBBL`,`COD_ED`) VALUES ('165632171-8','Paradise Lost 2 Revelations',2010,2);
INSERT INTO LIBRO (`ISBN`,`TITOLO`,`ANNO_PUBBL`,`COD_ED`) VALUES ('167947701-3','Saboteur',2014,1);
INSERT INTO LIBRO (`ISBN`,`TITOLO`,`ANNO_PUBBL`,`COD_ED`) VALUES ('168316748-1','Carbon Nation',2012,7);
INSERT INTO LIBRO (`ISBN`,`TITOLO`,`ANNO_PUBBL`,`COD_ED`) VALUES ('170243376-5','Buddy',2015,10);
INSERT INTO LIBRO (`ISBN`,`TITOLO`,`ANNO_PUBBL`,`COD_ED`) VALUES ('171208472-0','The Fourth War',2020,4);
INSERT INTO LIBRO (`ISBN`,`TITOLO`,`ANNO_PUBBL`,`COD_ED`) VALUES ('175205668-X','Gasoline (Benzina)',2019,1);
INSERT INTO LIBRO (`ISBN`,`TITOLO`,`ANNO_PUBBL`,`COD_ED`) VALUES ('179592990-1','Day of the Triffids The',2011,8);
INSERT INTO LIBRO (`ISBN`,`TITOLO`,`ANNO_PUBBL`,`COD_ED`) VALUES ('182342356-6','Meet Joe Black',2011,4);
INSERT INTO LIBRO (`ISBN`,`TITOLO`,`ANNO_PUBBL`,`COD_ED`) VALUES ('184722570-5','Ironclad',2011,9);
INSERT INTO LIBRO (`ISBN`,`TITOLO`,`ANNO_PUBBL`,`COD_ED`) VALUES ('190222315-2','Salvage',2014,9);
INSERT INTO LIBRO (`ISBN`,`TITOLO`,`ANNO_PUBBL`,`COD_ED`) VALUES ('192373118-1','No Distance Left to Run',2019,6);
INSERT INTO LIBRO (`ISBN`,`TITOLO`,`ANNO_PUBBL`,`COD_ED`) VALUES ('194862546-6','Dakota Skye',2011,4);
INSERT INTO LIBRO (`ISBN`,`TITOLO`,`ANNO_PUBBL`,`COD_ED`) VALUES ('214940353-6','Tenchi The Samurai Astronomer',2018,3);
INSERT INTO LIBRO (`ISBN`,`TITOLO`,`ANNO_PUBBL`,`COD_ED`) VALUES ('216013488-0','Enemy',2012,2);
INSERT INTO LIBRO (`ISBN`,`TITOLO`,`ANNO_PUBBL`,`COD_ED`) VALUES ('222223087-X','Concrete Night (Betoniyö)',2010,5);
INSERT INTO LIBRO (`ISBN`,`TITOLO`,`ANNO_PUBBL`,`COD_ED`) VALUES ('226372696-9','State of Siege (État de siège)',2013,1);
INSERT INTO LIBRO (`ISBN`,`TITOLO`,`ANNO_PUBBL`,`COD_ED`) VALUES ('253760945-X','Red White & Blue',2016,4);
INSERT INTO LIBRO (`ISBN`,`TITOLO`,`ANNO_PUBBL`,`COD_ED`) VALUES ('255439894-1','Pitch Black',2015,6);
INSERT INTO LIBRO (`ISBN`,`TITOLO`,`ANNO_PUBBL`,`COD_ED`) VALUES ('256739345-5','High Spirits',2016,8);
INSERT INTO LIBRO (`ISBN`,`TITOLO`,`ANNO_PUBBL`,`COD_ED`) VALUES ('259418123-4','Inhale',2011,9);
INSERT INTO LIBRO (`ISBN`,`TITOLO`,`ANNO_PUBBL`,`COD_ED`) VALUES ('259579784-0','Waydowntown',2018,7);
INSERT INTO LIBRO (`ISBN`,`TITOLO`,`ANNO_PUBBL`,`COD_ED`) VALUES ('264788349-1','In the Park',2018,9);
INSERT INTO LIBRO (`ISBN`,`TITOLO`,`ANNO_PUBBL`,`COD_ED`) VALUES ('265972215-3','Animal House',2017,8);
INSERT INTO LIBRO (`ISBN`,`TITOLO`,`ANNO_PUBBL`,`COD_ED`) VALUES ('271280652-2','Shuttle',2017,4);
INSERT INTO LIBRO (`ISBN`,`TITOLO`,`ANNO_PUBBL`,`COD_ED`) VALUES ('280992700-6','Young Cassidy',2018,4);
INSERT INTO LIBRO (`ISBN`,`TITOLO`,`ANNO_PUBBL`,`COD_ED`) VALUES ('284203566-6','Trial',2013,5);
INSERT INTO LIBRO (`ISBN`,`TITOLO`,`ANNO_PUBBL`,`COD_ED`) VALUES ('290005808-2','World of Kanako The (Kawaki)',2020,4);
INSERT INTO LIBRO (`ISBN`,`TITOLO`,`ANNO_PUBBL`,`COD_ED`) VALUES ('292051296-X','Purple Rose of Cairo The',2013,3);
INSERT INTO LIBRO (`ISBN`,`TITOLO`,`ANNO_PUBBL`,`COD_ED`) VALUES ('296111646-5','Golem',2019,3);
INSERT INTO LIBRO (`ISBN`,`TITOLO`,`ANNO_PUBBL`,`COD_ED`) VALUES ('299282269-8','Scenic Route',2015,5);
INSERT INTO LIBRO (`ISBN`,`TITOLO`,`ANNO_PUBBL`,`COD_ED`) VALUES ('300485539-9','Wild River',2012,10);
INSERT INTO LIBRO (`ISBN`,`TITOLO`,`ANNO_PUBBL`,`COD_ED`) VALUES ('301170811-8','Such Is Life (Así es la vida)',2019,3);
INSERT INTO LIBRO (`ISBN`,`TITOLO`,`ANNO_PUBBL`,`COD_ED`) VALUES ('331424241-7','PHP 7 development',2015,3);
INSERT INTO LIBRO (`ISBN`,`TITOLO`,`ANNO_PUBBL`,`COD_ED`) VALUES ('333748888-9','History Boys The',2017,2);
INSERT INTO LIBRO (`ISBN`,`TITOLO`,`ANNO_PUBBL`,`COD_ED`) VALUES ('343838580-5','Jubilee',2015,5);
INSERT INTO LIBRO (`ISBN`,`TITOLO`,`ANNO_PUBBL`,`COD_ED`) VALUES ('346481000-3','South of Heaven West of Hell',2015,9);
INSERT INTO LIBRO (`ISBN`,`TITOLO`,`ANNO_PUBBL`,`COD_ED`) VALUES ('347737564-5','Last Ride',2019,6);
INSERT INTO LIBRO (`ISBN`,`TITOLO`,`ANNO_PUBBL`,`COD_ED`) VALUES ('351898785-2','Boys from Fengkuei The (Feng gui lai de ren)',2016,10);
INSERT INTO LIBRO (`ISBN`,`TITOLO`,`ANNO_PUBBL`,`COD_ED`) VALUES ('356414253-3','Elizabeth',2012,10);
INSERT INTO LIBRO (`ISBN`,`TITOLO`,`ANNO_PUBBL`,`COD_ED`) VALUES ('362309208-8','Nicholas on Holiday',2018,4);
INSERT INTO LIBRO (`ISBN`,`TITOLO`,`ANNO_PUBBL`,`COD_ED`) VALUES ('364615054-8','Human-computer interaction',2017,2);
INSERT INTO LIBRO (`ISBN`,`TITOLO`,`ANNO_PUBBL`,`COD_ED`) VALUES ('366292343-2','Boys of St Vincent The',2013,1);
INSERT INTO LIBRO (`ISBN`,`TITOLO`,`ANNO_PUBBL`,`COD_ED`) VALUES ('368515943-7','Love s Labour s Lost',2011,9);
INSERT INTO LIBRO (`ISBN`,`TITOLO`,`ANNO_PUBBL`,`COD_ED`) VALUES ('368968937-6','Secret Garden The',2014,4);
INSERT INTO LIBRO (`ISBN`,`TITOLO`,`ANNO_PUBBL`,`COD_ED`) VALUES ('368990830-2','Andrei Rublev (Andrey Rublyov)',2017,1);
INSERT INTO LIBRO (`ISBN`,`TITOLO`,`ANNO_PUBBL`,`COD_ED`) VALUES ('369048652-1','Oliver Twist',2020,1);
INSERT INTO LIBRO (`ISBN`,`TITOLO`,`ANNO_PUBBL`,`COD_ED`) VALUES ('371268896-2','19th Wife The',2016,5);
INSERT INTO LIBRO (`ISBN`,`TITOLO`,`ANNO_PUBBL`,`COD_ED`) VALUES ('372098427-3','Sergeant Rutledge',2011,9);
INSERT INTO LIBRO (`ISBN`,`TITOLO`,`ANNO_PUBBL`,`COD_ED`) VALUES ('376459959-6','Svidd Neger',2018,2);
INSERT INTO LIBRO (`ISBN`,`TITOLO`,`ANNO_PUBBL`,`COD_ED`) VALUES ('384050463-5','Ninotchka',2017,8);
INSERT INTO LIBRO (`ISBN`,`TITOLO`,`ANNO_PUBBL`,`COD_ED`) VALUES ('385828979-5','Deep Impact',2019,8);
INSERT INTO LIBRO (`ISBN`,`TITOLO`,`ANNO_PUBBL`,`COD_ED`) VALUES ('386397507-3','Gunfighter The',2013,1);
INSERT INTO LIBRO (`ISBN`,`TITOLO`,`ANNO_PUBBL`,`COD_ED`) VALUES ('387623794-7','Get Smart',2010,2);
INSERT INTO LIBRO (`ISBN`,`TITOLO`,`ANNO_PUBBL`,`COD_ED`) VALUES ('389625239-9','Get Bruce',2020,7);
INSERT INTO LIBRO (`ISBN`,`TITOLO`,`ANNO_PUBBL`,`COD_ED`) VALUES ('391578830-9','Flight of the Living Dead',2014,8);
INSERT INTO LIBRO (`ISBN`,`TITOLO`,`ANNO_PUBBL`,`COD_ED`) VALUES ('394873350-3','Family Life',2014,3);
INSERT INTO LIBRO (`ISBN`,`TITOLO`,`ANNO_PUBBL`,`COD_ED`) VALUES ('404884623-X','Altman',2010,4);
INSERT INTO LIBRO (`ISBN`,`TITOLO`,`ANNO_PUBBL`,`COD_ED`) VALUES ('405663612-5','Open Windows',2015,2);
INSERT INTO LIBRO (`ISBN`,`TITOLO`,`ANNO_PUBBL`,`COD_ED`) VALUES ('421128511-4','Life is to Whistle (Vida es silbar La)',2012,7);
INSERT INTO LIBRO (`ISBN`,`TITOLO`,`ANNO_PUBBL`,`COD_ED`) VALUES ('421308038-2','LA Without a Map',2014,1);
INSERT INTO LIBRO (`ISBN`,`TITOLO`,`ANNO_PUBBL`,`COD_ED`) VALUES ('425111017-X','Key Largo',2019,8);
INSERT INTO LIBRO (`ISBN`,`TITOLO`,`ANNO_PUBBL`,`COD_ED`) VALUES ('432587582-4','Rebecca',2015,5);
INSERT INTO LIBRO (`ISBN`,`TITOLO`,`ANNO_PUBBL`,`COD_ED`) VALUES ('435456826-8','Lavender Hill Mob The',2016,9);
INSERT INTO LIBRO (`ISBN`,`TITOLO`,`ANNO_PUBBL`,`COD_ED`) VALUES ('436501926-0','Great Expectations',2013,1);
INSERT INTO LIBRO (`ISBN`,`TITOLO`,`ANNO_PUBBL`,`COD_ED`) VALUES ('441842932-8','Luna de Avellaneda',2018,5);
INSERT INTO LIBRO (`ISBN`,`TITOLO`,`ANNO_PUBBL`,`COD_ED`) VALUES ('449571196-2','Black Windmill The',2013,6);
INSERT INTO LIBRO (`ISBN`,`TITOLO`,`ANNO_PUBBL`,`COD_ED`) VALUES ('457456450-4','Beefcake',2016,1);
INSERT INTO LIBRO (`ISBN`,`TITOLO`,`ANNO_PUBBL`,`COD_ED`) VALUES ('469785019-X','Wave The (Welle Die)',2014,6);
INSERT INTO LIBRO (`ISBN`,`TITOLO`,`ANNO_PUBBL`,`COD_ED`) VALUES ('469863297-8','Raisin in the Sun A',2015,5);
INSERT INTO LIBRO (`ISBN`,`TITOLO`,`ANNO_PUBBL`,`COD_ED`) VALUES ('492112694-1','Closure',2018,6);
INSERT INTO LIBRO (`ISBN`,`TITOLO`,`ANNO_PUBBL`,`COD_ED`) VALUES ('501862280-6','Redemption The Stan Tookie Williams Story',2011,9);
INSERT INTO LIBRO (`ISBN`,`TITOLO`,`ANNO_PUBBL`,`COD_ED`) VALUES ('502714957-3','Revenge of the Nerds',2019,5);
INSERT INTO LIBRO (`ISBN`,`TITOLO`,`ANNO_PUBBL`,`COD_ED`) VALUES ('507124152-8','Diplomacy (Diplomatie)',2019,2);
INSERT INTO LIBRO (`ISBN`,`TITOLO`,`ANNO_PUBBL`,`COD_ED`) VALUES ('509808775-9','Vehicle 19',2013,2);
INSERT INTO LIBRO (`ISBN`,`TITOLO`,`ANNO_PUBBL`,`COD_ED`) VALUES ('510453377-8','Streetcar Named Desire A',2013,5);
INSERT INTO LIBRO (`ISBN`,`TITOLO`,`ANNO_PUBBL`,`COD_ED`) VALUES ('515279116-1','The Frame',2010,9);
INSERT INTO LIBRO (`ISBN`,`TITOLO`,`ANNO_PUBBL`,`COD_ED`) VALUES ('516983356-3','Big Squeeze The',2014,10);
INSERT INTO LIBRO (`ISBN`,`TITOLO`,`ANNO_PUBBL`,`COD_ED`) VALUES ('517581126-6','Carmen Comes Home (Karumen kokyo ni kaeru)',2020,2);
INSERT INTO LIBRO (`ISBN`,`TITOLO`,`ANNO_PUBBL`,`COD_ED`) VALUES ('521329516-9','Général Idi Amin Dada A Self Portrait (Général Idi Amin Dada Autoportrait)',2015,9);
INSERT INTO LIBRO (`ISBN`,`TITOLO`,`ANNO_PUBBL`,`COD_ED`) VALUES ('521847642-0','Holy Flying Circus',2016,9);
INSERT INTO LIBRO (`ISBN`,`TITOLO`,`ANNO_PUBBL`,`COD_ED`) VALUES ('526942871-7','Agent Vinod',2017,4);
INSERT INTO LIBRO (`ISBN`,`TITOLO`,`ANNO_PUBBL`,`COD_ED`) VALUES ('536751983-0','Slaves to the Underground',2014,1);
INSERT INTO LIBRO (`ISBN`,`TITOLO`,`ANNO_PUBBL`,`COD_ED`) VALUES ('542931356-4','From the Life of the Marionettes (Aus dem Leben der Marionetten) ',2015,5);
INSERT INTO LIBRO (`ISBN`,`TITOLO`,`ANNO_PUBBL`,`COD_ED`) VALUES ('554021569-9','Renaissance',2018,7);
INSERT INTO LIBRO (`ISBN`,`TITOLO`,`ANNO_PUBBL`,`COD_ED`) VALUES ('560211284-7','Tyler Perry s I Can Do Bad All by Myself',2018,7);
INSERT INTO LIBRO (`ISBN`,`TITOLO`,`ANNO_PUBBL`,`COD_ED`) VALUES ('560797299-2','Arthur and the Revenge of Maltazard (Arthur et la vengeance de Maltazard)',2017,1);
INSERT INTO LIBRO (`ISBN`,`TITOLO`,`ANNO_PUBBL`,`COD_ED`) VALUES ('565659819-5','Strangers on a Train',2014,1);
INSERT INTO LIBRO (`ISBN`,`TITOLO`,`ANNO_PUBBL`,`COD_ED`) VALUES ('584224789-5','Teaching Mrs Tingle',2020,10);
INSERT INTO LIBRO (`ISBN`,`TITOLO`,`ANNO_PUBBL`,`COD_ED`) VALUES ('585173205-9','Battle Royale 2 Requiem (Batoru rowaiaru II Chinkonka)',2018,2);
INSERT INTO LIBRO (`ISBN`,`TITOLO`,`ANNO_PUBBL`,`COD_ED`) VALUES ('594275024-6','Memory Keeper s Daughter The',2012,5);
INSERT INTO LIBRO (`ISBN`,`TITOLO`,`ANNO_PUBBL`,`COD_ED`) VALUES ('595626866-2','Rollerball',2014,7);
INSERT INTO LIBRO (`ISBN`,`TITOLO`,`ANNO_PUBBL`,`COD_ED`) VALUES ('600597433-5','Wall Street',2020,7);
INSERT INTO LIBRO (`ISBN`,`TITOLO`,`ANNO_PUBBL`,`COD_ED`) VALUES ('601546113-6','1208 East of Bucharest (A fost sau n-a fost?)',2011,9);
INSERT INTO LIBRO (`ISBN`,`TITOLO`,`ANNO_PUBBL`,`COD_ED`) VALUES ('607745120-7','HTM & CSS',2018,1);
INSERT INTO LIBRO (`ISBN`,`TITOLO`,`ANNO_PUBBL`,`COD_ED`) VALUES ('611928800-7','Cyrano de Bergerac',2017,7);
INSERT INTO LIBRO (`ISBN`,`TITOLO`,`ANNO_PUBBL`,`COD_ED`) VALUES ('653073623-9','Act Da Fool',2020,9);
INSERT INTO LIBRO (`ISBN`,`TITOLO`,`ANNO_PUBBL`,`COD_ED`) VALUES ('653175736-1','Happy People A Year in the Taiga',2012,8);
INSERT INTO LIBRO (`ISBN`,`TITOLO`,`ANNO_PUBBL`,`COD_ED`) VALUES ('657583349-7','Knack and How to Get It The',2015,1);
INSERT INTO LIBRO (`ISBN`,`TITOLO`,`ANNO_PUBBL`,`COD_ED`) VALUES ('660038142-6','Stonewall',2016,2);
INSERT INTO LIBRO (`ISBN`,`TITOLO`,`ANNO_PUBBL`,`COD_ED`) VALUES ('661872594-1','Woman on the Beach (Haebyeonui yeoin)',2020,3);
INSERT INTO LIBRO (`ISBN`,`TITOLO`,`ANNO_PUBBL`,`COD_ED`) VALUES ('663119553-5','Deadline',2015,7);
INSERT INTO LIBRO (`ISBN`,`TITOLO`,`ANNO_PUBBL`,`COD_ED`) VALUES ('666013383-6','Lost City The',2014,10);
INSERT INTO LIBRO (`ISBN`,`TITOLO`,`ANNO_PUBBL`,`COD_ED`) VALUES ('671158165-2','Nick and Norah s Infinite Playlist',2019,6);
INSERT INTO LIBRO (`ISBN`,`TITOLO`,`ANNO_PUBBL`,`COD_ED`) VALUES ('672217513-8','Heaven s Prisoners',2014,10);
INSERT INTO LIBRO (`ISBN`,`TITOLO`,`ANNO_PUBBL`,`COD_ED`) VALUES ('672560381-5','Day the Universe Changed The',2018,4);
INSERT INTO LIBRO (`ISBN`,`TITOLO`,`ANNO_PUBBL`,`COD_ED`) VALUES ('698429931-4','Lone Ranger The',2011,3);
INSERT INTO LIBRO (`ISBN`,`TITOLO`,`ANNO_PUBBL`,`COD_ED`) VALUES ('711604128-1','Crocodile Hunter Collision Course The',2014,10);
INSERT INTO LIBRO (`ISBN`,`TITOLO`,`ANNO_PUBBL`,`COD_ED`) VALUES ('712463375-3','Fear',2012,1);
INSERT INTO LIBRO (`ISBN`,`TITOLO`,`ANNO_PUBBL`,`COD_ED`) VALUES ('733508116-5','Angels  Share The',2017,9);
INSERT INTO LIBRO (`ISBN`,`TITOLO`,`ANNO_PUBBL`,`COD_ED`) VALUES ('740153355-3','Fundamentals of Database Systems',2019,2);
INSERT INTO LIBRO (`ISBN`,`TITOLO`,`ANNO_PUBBL`,`COD_ED`) VALUES ('742437654-3','Under the Bridges (Unter den Brücken)',2016,9);
INSERT INTO LIBRO (`ISBN`,`TITOLO`,`ANNO_PUBBL`,`COD_ED`) VALUES ('744780754-0','Times Square',2020,7);
INSERT INTO LIBRO (`ISBN`,`TITOLO`,`ANNO_PUBBL`,`COD_ED`) VALUES ('752213396-3','Brides (Nyfes)',2012,6);
INSERT INTO LIBRO (`ISBN`,`TITOLO`,`ANNO_PUBBL`,`COD_ED`) VALUES ('756564271-1','Little Children',2014,10);
INSERT INTO LIBRO (`ISBN`,`TITOLO`,`ANNO_PUBBL`,`COD_ED`) VALUES ('760264513-8','Story of My Life The (Mensonges et trahisons et plus si affinités)',2012,8);
INSERT INTO LIBRO (`ISBN`,`TITOLO`,`ANNO_PUBBL`,`COD_ED`) VALUES ('768148078-1','Kleines Arschloch - Der Film',2017,7);
INSERT INTO LIBRO (`ISBN`,`TITOLO`,`ANNO_PUBBL`,`COD_ED`) VALUES ('769740772-8','Hollywood Party',2018,7);
INSERT INTO LIBRO (`ISBN`,`TITOLO`,`ANNO_PUBBL`,`COD_ED`) VALUES ('775940054-3','I m Reed Fish',2017,10);
INSERT INTO LIBRO (`ISBN`,`TITOLO`,`ANNO_PUBBL`,`COD_ED`) VALUES ('786395256-5','Dragon Ball Z Bio-Broly (Doragon bôru Z 11 Sûpâ senshi gekiha! Katsu no wa ore da)',2019,7);
INSERT INTO LIBRO (`ISBN`,`TITOLO`,`ANNO_PUBBL`,`COD_ED`) VALUES ('801081738-4','Murder by Proxy How America Went Postal',2019,7);
INSERT INTO LIBRO (`ISBN`,`TITOLO`,`ANNO_PUBBL`,`COD_ED`) VALUES ('814543114-X','Ingeborg Holm',2013,3);
INSERT INTO LIBRO (`ISBN`,`TITOLO`,`ANNO_PUBBL`,`COD_ED`) VALUES ('816886703-3','Split Second',2012,4);
INSERT INTO LIBRO (`ISBN`,`TITOLO`,`ANNO_PUBBL`,`COD_ED`) VALUES ('825867311-4','Kairat',2013,2);
INSERT INTO LIBRO (`ISBN`,`TITOLO`,`ANNO_PUBBL`,`COD_ED`) VALUES ('829509196-4','Shaka Zulu The Citadel',2014,10);
INSERT INTO LIBRO (`ISBN`,`TITOLO`,`ANNO_PUBBL`,`COD_ED`) VALUES ('829914597-X','Project X',2019,9);
INSERT INTO LIBRO (`ISBN`,`TITOLO`,`ANNO_PUBBL`,`COD_ED`) VALUES ('836374770-X','Wolf Man The',2013,8);
INSERT INTO LIBRO (`ISBN`,`TITOLO`,`ANNO_PUBBL`,`COD_ED`) VALUES ('843331705-9','Avengers The',2012,1);
INSERT INTO LIBRO (`ISBN`,`TITOLO`,`ANNO_PUBBL`,`COD_ED`) VALUES ('851106761-2','Chronicle of a Summer (Chronique d un été)',2019,3);
INSERT INTO LIBRO (`ISBN`,`TITOLO`,`ANNO_PUBBL`,`COD_ED`) VALUES ('857627191-5','Larceny Inc',2012,9);
INSERT INTO LIBRO (`ISBN`,`TITOLO`,`ANNO_PUBBL`,`COD_ED`) VALUES ('860964250-X','Iron Horse The',2013,10);
INSERT INTO LIBRO (`ISBN`,`TITOLO`,`ANNO_PUBBL`,`COD_ED`) VALUES ('863050834-5','Richard III',2019,8);
INSERT INTO LIBRO (`ISBN`,`TITOLO`,`ANNO_PUBBL`,`COD_ED`) VALUES ('867778553-1','Hot Fuzz',2012,2);
INSERT INTO LIBRO (`ISBN`,`TITOLO`,`ANNO_PUBBL`,`COD_ED`) VALUES ('870560200-9','Eight Crazy Nights (Adam Sandler s Eight Crazy Nights)',2018,1);
INSERT INTO LIBRO (`ISBN`,`TITOLO`,`ANNO_PUBBL`,`COD_ED`) VALUES ('872379238-8','From Above',2018,1);
INSERT INTO LIBRO (`ISBN`,`TITOLO`,`ANNO_PUBBL`,`COD_ED`) VALUES ('875127371-3','Million Ways to Die in the West A',2014,10);
INSERT INTO LIBRO (`ISBN`,`TITOLO`,`ANNO_PUBBL`,`COD_ED`) VALUES ('887526619-0','Thieves The (Dodookdeul)',2011,6);
INSERT INTO LIBRO (`ISBN`,`TITOLO`,`ANNO_PUBBL`,`COD_ED`) VALUES ('925812482-0','Kumail Nanjiani Beta Male ',2010,2);
INSERT INTO LIBRO (`ISBN`,`TITOLO`,`ANNO_PUBBL`,`COD_ED`) VALUES ('927994979-9','Missionary Man',2017,8);
INSERT INTO LIBRO (`ISBN`,`TITOLO`,`ANNO_PUBBL`,`COD_ED`) VALUES ('945660604-X','Cassandra Crossing The',2016,10);
INSERT INTO LIBRO (`ISBN`,`TITOLO`,`ANNO_PUBBL`,`COD_ED`) VALUES ('946684198-X','Absolute Power',2016,1);
INSERT INTO LIBRO (`ISBN`,`TITOLO`,`ANNO_PUBBL`,`COD_ED`) VALUES ('947990234-6','Peculiarities of the National Hunt (Osobennosti natsionalnoy okhoty) ',2019,2);
INSERT INTO LIBRO (`ISBN`,`TITOLO`,`ANNO_PUBBL`,`COD_ED`) VALUES ('951964371-0','Iron Mask The',2014,2);
INSERT INTO LIBRO (`ISBN`,`TITOLO`,`ANNO_PUBBL`,`COD_ED`) VALUES ('966859767-2','Sting II The',2020,9);
INSERT INTO LIBRO (`ISBN`,`TITOLO`,`ANNO_PUBBL`,`COD_ED`) VALUES ('970334328-7','Forbidden Christ The (Cristo proibito Il)',2019,9);
INSERT INTO LIBRO (`ISBN`,`TITOLO`,`ANNO_PUBBL`,`COD_ED`) VALUES ('976860084-5','Krrish',2016,8);
INSERT INTO LIBRO (`ISBN`,`TITOLO`,`ANNO_PUBBL`,`COD_ED`) VALUES ('978061177-0','Kirikou and the Wild Beast (Kirikou et les bêtes sauvages)',2010,7);
INSERT INTO LIBRO (`ISBN`,`TITOLO`,`ANNO_PUBBL`,`COD_ED`) VALUES ('989371762-0','Convoy',2015,6);
INSERT INTO LIBRO (`ISBN`,`TITOLO`,`ANNO_PUBBL`,`COD_ED`) VALUES ('992229254-8','And Nobody Weeps for Me (Und keiner weint mir nach)',2017,4);
INSERT INTO LIBRO (`ISBN`,`TITOLO`,`ANNO_PUBBL`,`COD_ED`) VALUES ('998941371-1','Stupid Boy (Garçon stupide)',2013,5);




INSERT INTO E_SCRITTO (`ISBN`,`NOME_LINGUA`) VALUES ('386397507-3','Albanian');
INSERT INTO E_SCRITTO (`ISBN`,`NOME_LINGUA`) VALUES ('216013488-0','Arabic');
INSERT INTO E_SCRITTO (`ISBN`,`NOME_LINGUA`) VALUES ('372098427-3','Arabic');
INSERT INTO E_SCRITTO (`ISBN`,`NOME_LINGUA`) VALUES ('945660604-X','Arabic');
INSERT INTO E_SCRITTO (`ISBN`,`NOME_LINGUA`) VALUES ('457456450-4','Aymara');
INSERT INTO E_SCRITTO (`ISBN`,`NOME_LINGUA`) VALUES ('190222315-2','Belarusian');
INSERT INTO E_SCRITTO (`ISBN`,`NOME_LINGUA`) VALUES ('371268896-2','Belarusian');
INSERT INTO E_SCRITTO (`ISBN`,`NOME_LINGUA`) VALUES ('385828979-5','Bengali');
INSERT INTO E_SCRITTO (`ISBN`,`NOME_LINGUA`) VALUES ('672217513-8','Bengali');
INSERT INTO E_SCRITTO (`ISBN`,`NOME_LINGUA`) VALUES ('843331705-9','Bengali');
INSERT INTO E_SCRITTO (`ISBN`,`NOME_LINGUA`) VALUES ('951964371-0','Bengali');
INSERT INTO E_SCRITTO (`ISBN`,`NOME_LINGUA`) VALUES ('050916783-7','Catalan');
INSERT INTO E_SCRITTO (`ISBN`,`NOME_LINGUA`) VALUES ('333748888-9','Catalan');
INSERT INTO E_SCRITTO (`ISBN`,`NOME_LINGUA`) VALUES ('436501926-0','Catalan');
INSERT INTO E_SCRITTO (`ISBN`,`NOME_LINGUA`) VALUES ('526942871-7','Catalan');
INSERT INTO E_SCRITTO (`ISBN`,`NOME_LINGUA`) VALUES ('863050834-5','Chinese');
INSERT INTO E_SCRITTO (`ISBN`,`NOME_LINGUA`) VALUES ('368515943-7','Czech');
INSERT INTO E_SCRITTO (`ISBN`,`NOME_LINGUA`) VALUES ('404884623-X','Czech');
INSERT INTO E_SCRITTO (`ISBN`,`NOME_LINGUA`) VALUES ('671158165-2','Czech');
INSERT INTO E_SCRITTO (`ISBN`,`NOME_LINGUA`) VALUES ('946684198-X','Czech');
INSERT INTO E_SCRITTO (`ISBN`,`NOME_LINGUA`) VALUES ('075305079-X','Danish');
INSERT INTO E_SCRITTO (`ISBN`,`NOME_LINGUA`) VALUES ('970334328-7','Danish');
INSERT INTO E_SCRITTO (`ISBN`,`NOME_LINGUA`) VALUES ('004023598-X','Dari');
INSERT INTO E_SCRITTO (`ISBN`,`NOME_LINGUA`) VALUES ('076691563-8','Dari');
INSERT INTO E_SCRITTO (`ISBN`,`NOME_LINGUA`) VALUES ('147191251-5','Dari');
INSERT INTO E_SCRITTO (`ISBN`,`NOME_LINGUA`) VALUES ('009140312-X','Dhivehi');
INSERT INTO E_SCRITTO (`ISBN`,`NOME_LINGUA`) VALUES ('927994979-9','Dhivehi');
INSERT INTO E_SCRITTO (`ISBN`,`NOME_LINGUA`) VALUES ('565659819-5','Dutch');
INSERT INTO E_SCRITTO (`ISBN`,`NOME_LINGUA`) VALUES ('023019395-1','Dzongkha');
INSERT INTO E_SCRITTO (`ISBN`,`NOME_LINGUA`) VALUES ('300485539-9','Dzongkha');
INSERT INTO E_SCRITTO (`ISBN`,`NOME_LINGUA`) VALUES ('000369692-8','English');
INSERT INTO E_SCRITTO (`ISBN`,`NOME_LINGUA`) VALUES ('009047587-9','English');
INSERT INTO E_SCRITTO (`ISBN`,`NOME_LINGUA`) VALUES ('015674765-0','English');
INSERT INTO E_SCRITTO (`ISBN`,`NOME_LINGUA`) VALUES ('052706515-3','English');
INSERT INTO E_SCRITTO (`ISBN`,`NOME_LINGUA`) VALUES ('055417113-9','English');
INSERT INTO E_SCRITTO (`ISBN`,`NOME_LINGUA`) VALUES ('060088686-7','English');
INSERT INTO E_SCRITTO (`ISBN`,`NOME_LINGUA`) VALUES ('068254989-4','English');
INSERT INTO E_SCRITTO (`ISBN`,`NOME_LINGUA`) VALUES ('085745713-6','English');
INSERT INTO E_SCRITTO (`ISBN`,`NOME_LINGUA`) VALUES ('087133062-8','English');
INSERT INTO E_SCRITTO (`ISBN`,`NOME_LINGUA`) VALUES ('093035174-6','English');
INSERT INTO E_SCRITTO (`ISBN`,`NOME_LINGUA`) VALUES ('101215590-0','English');
INSERT INTO E_SCRITTO (`ISBN`,`NOME_LINGUA`) VALUES ('129488690-8','English');
INSERT INTO E_SCRITTO (`ISBN`,`NOME_LINGUA`) VALUES ('131544489-5','English');
INSERT INTO E_SCRITTO (`ISBN`,`NOME_LINGUA`) VALUES ('136320382-7','English');
INSERT INTO E_SCRITTO (`ISBN`,`NOME_LINGUA`) VALUES ('136964378-0','English');
INSERT INTO E_SCRITTO (`ISBN`,`NOME_LINGUA`) VALUES ('158999545-7','English');
INSERT INTO E_SCRITTO (`ISBN`,`NOME_LINGUA`) VALUES ('167947701-3','English');
INSERT INTO E_SCRITTO (`ISBN`,`NOME_LINGUA`) VALUES ('170243376-5','English');
INSERT INTO E_SCRITTO (`ISBN`,`NOME_LINGUA`) VALUES ('171208472-0','English');
INSERT INTO E_SCRITTO (`ISBN`,`NOME_LINGUA`) VALUES ('175205668-X','English');
INSERT INTO E_SCRITTO (`ISBN`,`NOME_LINGUA`) VALUES ('179592990-1','English');
INSERT INTO E_SCRITTO (`ISBN`,`NOME_LINGUA`) VALUES ('192373118-1','English');
INSERT INTO E_SCRITTO (`ISBN`,`NOME_LINGUA`) VALUES ('194862546-6','English');
INSERT INTO E_SCRITTO (`ISBN`,`NOME_LINGUA`) VALUES ('214940353-6','English');
INSERT INTO E_SCRITTO (`ISBN`,`NOME_LINGUA`) VALUES ('253760945-X','English');
INSERT INTO E_SCRITTO (`ISBN`,`NOME_LINGUA`) VALUES ('255439894-1','English');
INSERT INTO E_SCRITTO (`ISBN`,`NOME_LINGUA`) VALUES ('259418123-4','English');
INSERT INTO E_SCRITTO (`ISBN`,`NOME_LINGUA`) VALUES ('259579784-0','English');
INSERT INTO E_SCRITTO (`ISBN`,`NOME_LINGUA`) VALUES ('265972215-3','English');
INSERT INTO E_SCRITTO (`ISBN`,`NOME_LINGUA`) VALUES ('271280652-2','English');
INSERT INTO E_SCRITTO (`ISBN`,`NOME_LINGUA`) VALUES ('299282269-8','English');
INSERT INTO E_SCRITTO (`ISBN`,`NOME_LINGUA`) VALUES ('301170811-8','English');
INSERT INTO E_SCRITTO (`ISBN`,`NOME_LINGUA`) VALUES ('343838580-5','English');
INSERT INTO E_SCRITTO (`ISBN`,`NOME_LINGUA`) VALUES ('346481000-3','English');
INSERT INTO E_SCRITTO (`ISBN`,`NOME_LINGUA`) VALUES ('356414253-3','English');
INSERT INTO E_SCRITTO (`ISBN`,`NOME_LINGUA`) VALUES ('362309208-8','English');
INSERT INTO E_SCRITTO (`ISBN`,`NOME_LINGUA`) VALUES ('364615054-8','English');
INSERT INTO E_SCRITTO (`ISBN`,`NOME_LINGUA`) VALUES ('366292343-2','English');
INSERT INTO E_SCRITTO (`ISBN`,`NOME_LINGUA`) VALUES ('368968937-6','English');
INSERT INTO E_SCRITTO (`ISBN`,`NOME_LINGUA`) VALUES ('368990830-2','English');
INSERT INTO E_SCRITTO (`ISBN`,`NOME_LINGUA`) VALUES ('376459959-6','English');
INSERT INTO E_SCRITTO (`ISBN`,`NOME_LINGUA`) VALUES ('387623794-7','English');
INSERT INTO E_SCRITTO (`ISBN`,`NOME_LINGUA`) VALUES ('394873350-3','English');
INSERT INTO E_SCRITTO (`ISBN`,`NOME_LINGUA`) VALUES ('405663612-5','English');
INSERT INTO E_SCRITTO (`ISBN`,`NOME_LINGUA`) VALUES ('421128511-4','English');
INSERT INTO E_SCRITTO (`ISBN`,`NOME_LINGUA`) VALUES ('421308038-2','English');
INSERT INTO E_SCRITTO (`ISBN`,`NOME_LINGUA`) VALUES ('435456826-8','English');
INSERT INTO E_SCRITTO (`ISBN`,`NOME_LINGUA`) VALUES ('449571196-2','English');
INSERT INTO E_SCRITTO (`ISBN`,`NOME_LINGUA`) VALUES ('469785019-X','English');
INSERT INTO E_SCRITTO (`ISBN`,`NOME_LINGUA`) VALUES ('492112694-1','English');
INSERT INTO E_SCRITTO (`ISBN`,`NOME_LINGUA`) VALUES ('509808775-9','English');
INSERT INTO E_SCRITTO (`ISBN`,`NOME_LINGUA`) VALUES ('510453377-8','English');
INSERT INTO E_SCRITTO (`ISBN`,`NOME_LINGUA`) VALUES ('515279116-1','English');
INSERT INTO E_SCRITTO (`ISBN`,`NOME_LINGUA`) VALUES ('516983356-3','English');
INSERT INTO E_SCRITTO (`ISBN`,`NOME_LINGUA`) VALUES ('521329516-9','English');
INSERT INTO E_SCRITTO (`ISBN`,`NOME_LINGUA`) VALUES ('521847642-0','English');
INSERT INTO E_SCRITTO (`ISBN`,`NOME_LINGUA`) VALUES ('554021569-9','English');
INSERT INTO E_SCRITTO (`ISBN`,`NOME_LINGUA`) VALUES ('560797299-2','English');
INSERT INTO E_SCRITTO (`ISBN`,`NOME_LINGUA`) VALUES ('584224789-5','English');
INSERT INTO E_SCRITTO (`ISBN`,`NOME_LINGUA`) VALUES ('585173205-9','English');
INSERT INTO E_SCRITTO (`ISBN`,`NOME_LINGUA`) VALUES ('594275024-6','English');
INSERT INTO E_SCRITTO (`ISBN`,`NOME_LINGUA`) VALUES ('600597433-5','English');
INSERT INTO E_SCRITTO (`ISBN`,`NOME_LINGUA`) VALUES ('653073623-9','English');
INSERT INTO E_SCRITTO (`ISBN`,`NOME_LINGUA`) VALUES ('657583349-7','English');
INSERT INTO E_SCRITTO (`ISBN`,`NOME_LINGUA`) VALUES ('661872594-1','English');
INSERT INTO E_SCRITTO (`ISBN`,`NOME_LINGUA`) VALUES ('666013383-6','English');
INSERT INTO E_SCRITTO (`ISBN`,`NOME_LINGUA`) VALUES ('711604128-1','English');
INSERT INTO E_SCRITTO (`ISBN`,`NOME_LINGUA`) VALUES ('712463375-3','English');
INSERT INTO E_SCRITTO (`ISBN`,`NOME_LINGUA`) VALUES ('733508116-5','English');
INSERT INTO E_SCRITTO (`ISBN`,`NOME_LINGUA`) VALUES ('744780754-0','English');
INSERT INTO E_SCRITTO (`ISBN`,`NOME_LINGUA`) VALUES ('756564271-1','English');
INSERT INTO E_SCRITTO (`ISBN`,`NOME_LINGUA`) VALUES ('760264513-8','English');
INSERT INTO E_SCRITTO (`ISBN`,`NOME_LINGUA`) VALUES ('769740772-8','English');
INSERT INTO E_SCRITTO (`ISBN`,`NOME_LINGUA`) VALUES ('786395256-5','English');
INSERT INTO E_SCRITTO (`ISBN`,`NOME_LINGUA`) VALUES ('801081738-4','English');
INSERT INTO E_SCRITTO (`ISBN`,`NOME_LINGUA`) VALUES ('814543114-X','English');
INSERT INTO E_SCRITTO (`ISBN`,`NOME_LINGUA`) VALUES ('829914597-X','English');
INSERT INTO E_SCRITTO (`ISBN`,`NOME_LINGUA`) VALUES ('857627191-5','English');
INSERT INTO E_SCRITTO (`ISBN`,`NOME_LINGUA`) VALUES ('870560200-9','English');
INSERT INTO E_SCRITTO (`ISBN`,`NOME_LINGUA`) VALUES ('872379238-8','English');
INSERT INTO E_SCRITTO (`ISBN`,`NOME_LINGUA`) VALUES ('947990234-6','English');
INSERT INTO E_SCRITTO (`ISBN`,`NOME_LINGUA`) VALUES ('966859767-2','English');
INSERT INTO E_SCRITTO (`ISBN`,`NOME_LINGUA`) VALUES ('976860084-5','English');
INSERT INTO E_SCRITTO (`ISBN`,`NOME_LINGUA`) VALUES ('006821799-4','Estonian');
INSERT INTO E_SCRITTO (`ISBN`,`NOME_LINGUA`) VALUES ('425111017-X','Estonian');
INSERT INTO E_SCRITTO (`ISBN`,`NOME_LINGUA`) VALUES ('501862280-6','Finnish');
INSERT INTO E_SCRITTO (`ISBN`,`NOME_LINGUA`) VALUES ('507124152-8','French');
INSERT INTO E_SCRITTO (`ISBN`,`NOME_LINGUA`) VALUES ('536751983-0','French');
INSERT INTO E_SCRITTO (`ISBN`,`NOME_LINGUA`) VALUES ('014330257-4','Georgian');
INSERT INTO E_SCRITTO (`ISBN`,`NOME_LINGUA`) VALUES ('137066182-7','Georgian');
INSERT INTO E_SCRITTO (`ISBN`,`NOME_LINGUA`) VALUES ('752213396-3','Georgian');
INSERT INTO E_SCRITTO (`ISBN`,`NOME_LINGUA`) VALUES ('280992700-6','German');
INSERT INTO E_SCRITTO (`ISBN`,`NOME_LINGUA`) VALUES ('925812482-0','German');
INSERT INTO E_SCRITTO (`ISBN`,`NOME_LINGUA`) VALUES ('989371762-0','German');
INSERT INTO E_SCRITTO (`ISBN`,`NOME_LINGUA`) VALUES ('022938411-0','Guaraní');
INSERT INTO E_SCRITTO (`ISBN`,`NOME_LINGUA`) VALUES ('132261731-7','Guaraní');
INSERT INTO E_SCRITTO (`ISBN`,`NOME_LINGUA`) VALUES ('292051296-X','Guaraní');
INSERT INTO E_SCRITTO (`ISBN`,`NOME_LINGUA`) VALUES ('369048652-1','Guaraní');
INSERT INTO E_SCRITTO (`ISBN`,`NOME_LINGUA`) VALUES ('441842932-8','Guaraní');
INSERT INTO E_SCRITTO (`ISBN`,`NOME_LINGUA`) VALUES ('601546113-6','Gujarati');
INSERT INTO E_SCRITTO (`ISBN`,`NOME_LINGUA`) VALUES ('264788349-1','Haitian Creole');
INSERT INTO E_SCRITTO (`ISBN`,`NOME_LINGUA`) VALUES ('347737564-5','Haitian Creole');
INSERT INTO E_SCRITTO (`ISBN`,`NOME_LINGUA`) VALUES ('389625239-9','Hebrew');
INSERT INTO E_SCRITTO (`ISBN`,`NOME_LINGUA`) VALUES ('226372696-9','Hindi');
INSERT INTO E_SCRITTO (`ISBN`,`NOME_LINGUA`) VALUES ('517581126-6','Hindi');
INSERT INTO E_SCRITTO (`ISBN`,`NOME_LINGUA`) VALUES ('825867311-4','Hiri Motu');
INSERT INTO E_SCRITTO (`ISBN`,`NOME_LINGUA`) VALUES ('595626866-2','Hungarian');
INSERT INTO E_SCRITTO (`ISBN`,`NOME_LINGUA`) VALUES ('660038142-6','Icelandic');
INSERT INTO E_SCRITTO (`ISBN`,`NOME_LINGUA`) VALUES ('698429931-4','Icelandic');
INSERT INTO E_SCRITTO (`ISBN`,`NOME_LINGUA`) VALUES ('836374770-X','Indonesian');
INSERT INTO E_SCRITTO (`ISBN`,`NOME_LINGUA`) VALUES ('065646345-7','Irish Gaelic');
INSERT INTO E_SCRITTO (`ISBN`,`NOME_LINGUA`) VALUES ('222223087-X','Irish Gaelic');
INSERT INTO E_SCRITTO (`ISBN`,`NOME_LINGUA`) VALUES ('165632171-8','Italian');
INSERT INTO E_SCRITTO (`ISBN`,`NOME_LINGUA`) VALUES ('331424241-7','Italian');
INSERT INTO E_SCRITTO (`ISBN`,`NOME_LINGUA`) VALUES ('542931356-4','Italian');
INSERT INTO E_SCRITTO (`ISBN`,`NOME_LINGUA`) VALUES ('560211284-7','Italian');
INSERT INTO E_SCRITTO (`ISBN`,`NOME_LINGUA`) VALUES ('607745120-7','Italian');
INSERT INTO E_SCRITTO (`ISBN`,`NOME_LINGUA`) VALUES ('740153355-3','Italian');
INSERT INTO E_SCRITTO (`ISBN`,`NOME_LINGUA`) VALUES ('816886703-3','Italian');
INSERT INTO E_SCRITTO (`ISBN`,`NOME_LINGUA`) VALUES ('851106761-2','Italian');
INSERT INTO E_SCRITTO (`ISBN`,`NOME_LINGUA`) VALUES ('992229254-8','Italian');
INSERT INTO E_SCRITTO (`ISBN`,`NOME_LINGUA`) VALUES ('998941371-1','Italian');
INSERT INTO E_SCRITTO (`ISBN`,`NOME_LINGUA`) VALUES ('182342356-6','Japanese');
INSERT INTO E_SCRITTO (`ISBN`,`NOME_LINGUA`) VALUES ('296111646-5','Japanese');
INSERT INTO E_SCRITTO (`ISBN`,`NOME_LINGUA`) VALUES ('502714957-3','Japanese');
INSERT INTO E_SCRITTO (`ISBN`,`NOME_LINGUA`) VALUES ('860964250-X','Japanese');
INSERT INTO E_SCRITTO (`ISBN`,`NOME_LINGUA`) VALUES ('184722570-5','Kashmiri');
INSERT INTO E_SCRITTO (`ISBN`,`NOME_LINGUA`) VALUES ('775940054-3','Kashmiri');
INSERT INTO E_SCRITTO (`ISBN`,`NOME_LINGUA`) VALUES ('391578830-9','Kazakh');
INSERT INTO E_SCRITTO (`ISBN`,`NOME_LINGUA`) VALUES ('103300276-3','Khmer');
INSERT INTO E_SCRITTO (`ISBN`,`NOME_LINGUA`) VALUES ('978061177-0','Khmer');
INSERT INTO E_SCRITTO (`ISBN`,`NOME_LINGUA`) VALUES ('284203566-6','Korean');
INSERT INTO E_SCRITTO (`ISBN`,`NOME_LINGUA`) VALUES ('611928800-7','Korean');
INSERT INTO E_SCRITTO (`ISBN`,`NOME_LINGUA`) VALUES ('768148078-1','Korean');
INSERT INTO E_SCRITTO (`ISBN`,`NOME_LINGUA`) VALUES ('290005808-2','Lao');
INSERT INTO E_SCRITTO (`ISBN`,`NOME_LINGUA`) VALUES ('672560381-5','Northern Sotho');
INSERT INTO E_SCRITTO (`ISBN`,`NOME_LINGUA`) VALUES ('875127371-3','Norwegian');
INSERT INTO E_SCRITTO (`ISBN`,`NOME_LINGUA`) VALUES ('086031288-7','Polish');
INSERT INTO E_SCRITTO (`ISBN`,`NOME_LINGUA`) VALUES ('867778553-1','Polish');
INSERT INTO E_SCRITTO (`ISBN`,`NOME_LINGUA`) VALUES ('168316748-1','Portuguese');
INSERT INTO E_SCRITTO (`ISBN`,`NOME_LINGUA`) VALUES ('351898785-2','Portuguese');
INSERT INTO E_SCRITTO (`ISBN`,`NOME_LINGUA`) VALUES ('083845517-4','Punjabi');
INSERT INTO E_SCRITTO (`ISBN`,`NOME_LINGUA`) VALUES ('469863297-8','Punjabi');
INSERT INTO E_SCRITTO (`ISBN`,`NOME_LINGUA`) VALUES ('384050463-5','Quechua');
INSERT INTO E_SCRITTO (`ISBN`,`NOME_LINGUA`) VALUES ('887526619-0','Romanian');
INSERT INTO E_SCRITTO (`ISBN`,`NOME_LINGUA`) VALUES ('663119553-5','Spanish');
INSERT INTO E_SCRITTO (`ISBN`,`NOME_LINGUA`) VALUES ('256739345-5','Swedish');
INSERT INTO E_SCRITTO (`ISBN`,`NOME_LINGUA`) VALUES ('432587582-4','Swedish');
INSERT INTO E_SCRITTO (`ISBN`,`NOME_LINGUA`) VALUES ('653175736-1','Swedish');
INSERT INTO E_SCRITTO (`ISBN`,`NOME_LINGUA`) VALUES ('742437654-3','Swedish');
INSERT INTO E_SCRITTO (`ISBN`,`NOME_LINGUA`) VALUES ('829509196-4','Swedish');

