-- MySQL dump 10.13  Distrib 5.6.29, for osx10.8 (x86_64)
--
-- Host: localhost    Database: Biblioteca
-- ------------------------------------------------------
-- Server version	5.6.29

/*!40101 SET @OLD_CHARACTER_SET_CLIENT=@@CHARACTER_SET_CLIENT */;
/*!40101 SET @OLD_CHARACTER_SET_RESULTS=@@CHARACTER_SET_RESULTS */;
/*!40101 SET @OLD_COLLATION_CONNECTION=@@COLLATION_CONNECTION */;
/*!40101 SET NAMES utf8 */;
/*!40103 SET @OLD_TIME_ZONE=@@TIME_ZONE */;
/*!40103 SET TIME_ZONE='+00:00' */;
/*!40014 SET @OLD_UNIQUE_CHECKS=@@UNIQUE_CHECKS, UNIQUE_CHECKS=0 */;
/*!40014 SET @OLD_FOREIGN_KEY_CHECKS=@@FOREIGN_KEY_CHECKS, FOREIGN_KEY_CHECKS=0 */;
/*!40101 SET @OLD_SQL_MODE=@@SQL_MODE, SQL_MODE='NO_AUTO_VALUE_ON_ZERO' */;
/*!40111 SET @OLD_SQL_NOTES=@@SQL_NOTES, SQL_NOTES=0 */;

--
-- Table structure for table `AUTORE`
--

DROP TABLE IF EXISTS `AUTORE`;
/*!40101 SET @saved_cs_client     = @@character_set_client */;
/*!40101 SET character_set_client = utf8 */;
CREATE TABLE `AUTORE` (
  `ID_AUT` int(11) NOT NULL,
  `NOME_A` varchar(30) NOT NULL,
  `COGNOME_A` varchar(30) NOT NULL,
  `DATANASCITA` date DEFAULT NULL,
  `LUOGO_NASCITA` varchar(30) DEFAULT NULL,
  PRIMARY KEY (`ID_AUT`)
) ENGINE=InnoDB DEFAULT CHARSET=latin1;
/*!40101 SET character_set_client = @saved_cs_client */;

--
-- Dumping data for table `AUTORE`
--

LOCK TABLES `AUTORE` WRITE;
/*!40000 ALTER TABLE `AUTORE` DISABLE KEYS */;
INSERT INTO `AUTORE` VALUES (1,'Abey','Crowest','1965-07-20','New York'),(2,'Adamo','Ligoe','1971-03-26','New York'),(3,'Alejandrina','Bardell','1962-10-25','Wilpen'),(4,'Alessandro','Oldam','1972-07-09','New York'),(5,'Ami','Adamo','1978-08-10','Lawrence'),(6,'Andrej','Von Der Empten','1989-12-17','Amsterdam'),(7,'Ange','Symcox','1977-07-01','Paris'),(8,'Angil','Beckson','1956-05-01','Oxford'),(9,'Barr','Labbet','1967-07-06','Lawrence'),(10,'Bartolemo','Chadwin','1969-07-22','Pleasantville'),(11,'Betti','Benz','1977-08-05','Berlino'),(12,'Beverlee','Jepensen','1976-12-17','Cumberland'),(13,'Booth','Belvard','1959-10-11','London'),(14,'Boycie','Shorey','1989-11-20','Amsterdam'),(15,'Branden','Huffer','1955-01-03','Bloomington'),(16,'Breanne','Weben','1989-11-13','London'),(17,'Briant','Anespie','1989-01-01','Los Angeles'),(18,'Bruno','Goodsall','1963-04-27','London'),(19,'Bryanty','Froud','1970-10-30','London'),(20,'Brynn','Semor','1986-05-09','Oslo'),(21,'Burk','Torr','1984-08-01','Bloomington'),(22,'Cal','Inkin','1969-11-22','Oxford'),(23,'Cecile','Follacaro','1986-01-08','New York'),(24,'Chelsea','Nannetti','1973-04-14','San Diego'),(25,'Cointon','Stranaghan','1963-12-30','New York'),(26,'Corri','Gavrieli','1974-06-30','London'),(27,'Cristian','Pes','1981-09-10','New York'),(28,'De','Wackly','1989-09-17','Bloomington'),(29,'Emiline','Greenhough','1982-04-11','Madison'),(30,'Enrico','Zimuel','1972-04-11','Milan'),(31,'Erny','Wrixon','1967-02-25','Nashville'),(32,'Eva','Elcum','1956-02-20','Pleasantville'),(33,'Fanchon','Bish','1987-08-27','New York'),(34,'Farrah','Letham','1962-07-15','Oxford'),(35,'Fiorenze','Deluca','1984-07-22','Lawrence'),(36,'Gabriella','Orum','1958-11-21','Madison'),(37,'Gertrudis','Corzon','1983-06-21','Oxford'),(38,'Giffer','Leisman','1959-05-25','Los Angeles'),(39,'Gil','Lettington','1974-08-11','Los Angeles'),(40,'Giustina','Jezzard','1969-02-04','Pleasantville'),(41,'Godwin','Lebbern','1983-11-16','San Diego'),(42,'Gregorius','McPhater','1976-12-04','Pleasantville'),(43,'Gwyneth','Tinsley','1986-05-12','Los Angeles'),(44,'Hannah','Bachnic','1956-06-22','Madison'),(45,'Harlene','Tartt','1984-09-20','New York'),(46,'Hastings','Sweetman','1978-08-13','Los Angeles'),(47,'Hirsch','Legging','1961-12-19','Oxford'),(48,'Hortense','Whatson','1978-08-25','Washington'),(49,'Ileane','Spurriar','1969-09-03','Los Angeles'),(50,'Inesita','Dallender','1982-04-05','New York'),(51,'Isacco','McSherry','1976-04-17','Edimburg'),(52,'Jacquenette','Snookes','1973-08-07','Lawrence'),(53,'Jasen','Itter','1967-12-24','Madison'),(54,'Jefferson','Dewire','1971-02-16','Cardiff'),(55,'Jermaine','Van Velde','1979-04-23','Los Angeles'),(56,'Jodee','Westwick','1968-01-23','Liverpool'),(57,'Jon','Duckett','1978-08-16','Los Angeles'),(58,'Junia','Everal','1973-11-09','Los Angeles'),(59,'Karie','Bendixen','1969-12-29','Amsterdam'),(60,'Kerri','Adiscot','1980-06-28','Cumberland'),(61,'Lavena','Capey','1972-02-17','Cumberland'),(62,'Leroy','Vasiltsov','1976-10-13','San Diego'),(63,'Lewes','Salsberg','1988-05-18','Cumberland'),(64,'Lu','Jenne','1977-01-11','Seul'),(65,'Luciano','Gamberini','1979-11-08','Rome'),(66,'Ludvig','Callf','1971-06-05','London'),(67,'Maible','Twidale','1963-01-29','Bloomington'),(68,'Margaretha','Aysik','1973-03-18','Washington'),(69,'Margaretta','Pardal','1970-03-08','New York'),(70,'Marja','Rosedale','1989-03-25','New York'),(71,'Marnie','Spinke','1987-09-07','Los Angeles'),(72,'Merissa','Senechault','1956-02-02','New York'),(73,'Merna','Lambal','1969-09-30','London'),(74,'Merrick','Harbron','1959-11-09','Pleasantville'),(75,'Mirelle','Hehnke','1968-06-25','Los Angeles'),(76,'Nicki','Pharrow','1984-09-16','Los Angeles'),(77,'Peri','Maher','1967-04-08','Wilpen'),(78,'Perrine','Blagden','1984-01-04','Washington'),(79,'Petunia','Breznovic','1981-02-19','Prague'),(80,'Pincas','Paulisch','1973-12-24','Berlino'),(81,'Quincey','Franke','1964-10-12','Bloomington'),(82,'Ramez','Elmasri','1970-02-16','Oxford'),(83,'Raquel','Semered','1972-03-21','Bloomington'),(84,'Reta','Philippsohn','1966-10-08','Washington'),(85,'Roxy','Burnage','1955-04-13','Oxford'),(86,'Rubie','Delgua','1970-06-03','Los Angeles'),(87,'Russ','Leander','1959-11-16','Oxford'),(88,'Sandro','Wilcher','1990-09-25','Nashville'),(89,'Sansone','Jansen','1968-05-12','Lawrence'),(90,'Sella','Marriage','1988-12-01','Madison'),(91,'Shamkant','Navathe','1962-11-24','London'),(92,'Shelbi','Wheelton','1987-09-12','Los Angeles'),(93,'Sim','Frondt','1967-05-20','Bloomington'),(94,'Theo','McLauchlin','1961-03-01','Cardiff'),(95,'Ursula','Lockitt','1967-12-14','Liverpool'),(96,'Vitia','Douch','1977-08-20','London'),(97,'Walker','Dumberell','1965-12-30','London'),(98,'Xylia','Bendle','1975-01-01','Cumberland'),(99,'Yancey','Sacher','1961-04-17','Lawrence'),(100,'Zilvia','Silver','1958-04-25','Nashville');
/*!40000 ALTER TABLE `AUTORE` ENABLE KEYS */;
UNLOCK TABLES;

--
-- Table structure for table `COPIA`
--

DROP TABLE IF EXISTS `COPIA`;
/*!40101 SET @saved_cs_client     = @@character_set_client */;
/*!40101 SET character_set_client = utf8 */;
CREATE TABLE `COPIA` (
  `NUMERO_COPIA` int(11) NOT NULL,
  `ISBN` char(11) NOT NULL,
  `NOME_DIP` varchar(50) DEFAULT NULL,
  PRIMARY KEY (`NUMERO_COPIA`,`ISBN`),
  KEY `ISBN` (`ISBN`),
  KEY `NOME_DIP` (`NOME_DIP`),
  CONSTRAINT `copia_ibfk_1` FOREIGN KEY (`ISBN`) REFERENCES `LIBRO` (`ISBN`) ON UPDATE CASCADE,
  CONSTRAINT `copia_ibfk_2` FOREIGN KEY (`NOME_DIP`) REFERENCES `DIPARTIMENTO` (`NOME_DIP`) ON DELETE SET NULL ON UPDATE CASCADE
) ENGINE=InnoDB DEFAULT CHARSET=latin1;
/*!40101 SET character_set_client = @saved_cs_client */;

--
-- Dumping data for table `COPIA`
--

LOCK TABLES `COPIA` WRITE;
/*!40000 ALTER TABLE `COPIA` DISABLE KEYS */;
INSERT INTO `COPIA` VALUES (1,'060088686-7','Architettura'),(1,'068254989-4','Architettura'),(1,'131544489-5','Architettura'),(1,'175205668-X','Architettura'),(1,'265972215-3','Architettura'),(1,'347737564-5','Architettura'),(1,'384050463-5','Architettura'),(1,'387623794-7','Architettura'),(1,'435456826-8','Architettura'),(1,'469863297-8','Architettura'),(1,'526942871-7','Architettura'),(1,'600597433-5','Architettura'),(1,'601546113-6','Architettura'),(1,'660038142-6','Architettura'),(1,'672217513-8','Architettura'),(1,'752213396-3','Architettura'),(1,'786395256-5','Architettura'),(1,'836374770-X','Architettura'),(1,'851106761-2','Architettura'),(1,'998941371-1','Architettura'),(2,'083845517-4','Architettura'),(2,'087133062-8','Architettura'),(2,'214940353-6','Architettura'),(2,'369048652-1','Architettura'),(2,'405663612-5','Architettura'),(2,'436501926-0','Architettura'),(2,'449571196-2','Architettura'),(2,'492112694-1','Architettura'),(2,'536751983-0','Architettura'),(2,'607745120-7','Architettura'),(2,'769740772-8','Architettura'),(2,'851106761-2','Architettura'),(2,'857627191-5','Architettura'),(2,'925812482-0','Architettura'),(3,'006821799-4','Architettura'),(3,'015674765-0','Architettura'),(3,'052706515-3','Architettura'),(3,'065646345-7','Architettura'),(3,'093035174-6','Architettura'),(3,'147191251-5','Architettura'),(3,'192373118-1','Architettura'),(3,'259418123-4','Architettura'),(3,'284203566-6','Architettura'),(3,'296111646-5','Architettura'),(3,'389625239-9','Architettura'),(3,'507124152-8','Architettura'),(3,'672217513-8','Architettura'),(3,'860964250-X','Architettura'),(3,'872379238-8','Architettura'),(3,'946684198-X','Architettura'),(4,'184722570-5','Architettura'),(4,'253760945-X','Architettura'),(4,'362309208-8','Architettura'),(4,'457456450-4','Architettura'),(4,'507124152-8','Architettura'),(4,'521329516-9','Architettura'),(4,'600597433-5','Architettura'),(4,'966859767-2','Architettura'),(5,'023019395-1','Architettura'),(5,'068254989-4','Architettura'),(5,'075305079-X','Architettura'),(5,'136320382-7','Architettura'),(5,'147191251-5','Architettura'),(5,'284203566-6','Architettura'),(5,'331424241-7','Architettura'),(5,'347737564-5','Architettura'),(5,'362309208-8','Architettura'),(5,'364615054-8','Architettura'),(5,'404884623-X','Architettura'),(5,'432587582-4','Architettura'),(5,'515279116-1','Architettura'),(5,'516983356-3','Architettura'),(5,'816886703-3','Architettura'),(5,'851106761-2','Architettura'),(5,'863050834-5','Architettura'),(5,'875127371-3','Architettura'),(5,'946684198-X','Architettura'),(5,'978061177-0','Architettura'),(6,'093035174-6','Architettura'),(6,'284203566-6','Architettura'),(6,'296111646-5','Architettura'),(6,'368515943-7','Architettura'),(6,'501862280-6','Architettura'),(6,'542931356-4','Architettura'),(6,'836374770-X','Architettura'),(6,'872379238-8','Architettura'),(6,'925812482-0','Architettura'),(6,'966859767-2','Architettura'),(7,'284203566-6','Architettura'),(7,'469785019-X','Architettura'),(7,'492112694-1','Architettura'),(7,'760264513-8','Architettura'),(7,'825867311-4','Architettura'),(7,'867778553-1','Architettura'),(7,'978061177-0','Architettura'),(8,'004023598-X','Architettura'),(8,'023019395-1','Architettura'),(8,'068254989-4','Architettura'),(8,'168316748-1','Architettura'),(8,'184722570-5','Architettura'),(8,'192373118-1','Architettura'),(8,'214940353-6','Architettura'),(8,'280992700-6','Architettura'),(8,'526942871-7','Architettura'),(8,'542931356-4','Architettura'),(8,'966859767-2','Architettura'),(8,'978061177-0','Architettura'),(9,'131544489-5','Architettura'),(9,'137066182-7','Architettura'),(9,'331424241-7','Architettura'),(9,'385828979-5','Architettura'),(9,'560797299-2','Architettura'),(9,'663119553-5','Architettura'),(9,'872379238-8','Architettura'),(9,'945660604-X','Architettura'),(9,'951964371-0','Architettura'),(10,'006821799-4','Architettura'),(10,'009140312-X','Architettura'),(10,'136320382-7','Architettura'),(10,'147191251-5','Architettura'),(10,'194862546-6','Architettura'),(10,'284203566-6','Architettura'),(10,'343838580-5','Architettura'),(10,'521329516-9','Architettura'),(10,'560797299-2','Architettura'),(10,'594275024-6','Architettura'),(10,'740153355-3','Architettura'),(10,'744780754-0','Architettura'),(11,'022938411-0','Architettura'),(11,'023019395-1','Architettura'),(11,'184722570-5','Architettura'),(11,'343838580-5','Architettura'),(11,'421128511-4','Architettura'),(11,'711604128-1','Architettura'),(11,'843331705-9','Architettura'),(11,'927994979-9','Architettura'),(12,'086031288-7','Architettura'),(12,'136320382-7','Architettura'),(12,'292051296-X','Architettura'),(12,'331424241-7','Architettura'),(12,'384050463-5','Architettura'),(12,'711604128-1','Architettura'),(12,'760264513-8','Architettura'),(13,'663119553-5','Architettura'),(14,'006821799-4','Architettura'),(14,'284203566-6','Architettura'),(14,'347737564-5','Architettura'),(14,'521847642-0','Architettura'),(14,'560211284-7','Architettura'),(15,'076691563-8','Architettura'),(15,'384050463-5','Architettura'),(15,'516983356-3','Architettura'),(16,'192373118-1','Architettura'),(16,'292051296-X','Architettura'),(16,'368968937-6','Architettura'),(16,'526942871-7','Architettura'),(16,'657583349-7','Architettura'),(16,'663119553-5','Architettura'),(16,'851106761-2','Architettura'),(17,'259579784-0','Architettura'),(17,'368968937-6','Architettura'),(17,'516983356-3','Architettura'),(18,'000369692-8','Architettura'),(18,'740153355-3','Architettura'),(18,'875127371-3','Architettura'),(19,'492112694-1','Architettura'),(20,'372098427-3','Architettura'),(20,'657583349-7','Architettura'),(1,'004023598-X','Economia e management'),(1,'023019395-1','Economia e management'),(1,'168316748-1','Economia e management'),(1,'404884623-X','Economia e management'),(1,'509808775-9','Economia e management'),(1,'521847642-0','Economia e management'),(1,'829914597-X','Economia e management'),(1,'857627191-5','Economia e management'),(2,'050916783-7','Economia e management'),(2,'075305079-X','Economia e management'),(2,'158999545-7','Economia e management'),(2,'171208472-0','Economia e management'),(2,'194862546-6','Economia e management'),(2,'280992700-6','Economia e management'),(2,'661872594-1','Economia e management'),(2,'666013383-6','Economia e management'),(3,'103300276-3','Economia e management'),(3,'170243376-5','Economia e management'),(3,'290005808-2','Economia e management'),(3,'343838580-5','Economia e management'),(3,'364615054-8','Economia e management'),(3,'372098427-3','Economia e management'),(3,'404884623-X','Economia e management'),(3,'536751983-0','Economia e management'),(4,'085745713-6','Economia e management'),(4,'086031288-7','Economia e management'),(4,'192373118-1','Economia e management'),(4,'280992700-6','Economia e management'),(4,'517581126-6','Economia e management'),(4,'526942871-7','Economia e management'),(4,'775940054-3','Economia e management'),(4,'843331705-9','Economia e management'),(5,'076691563-8','Economia e management'),(5,'136964378-0','Economia e management'),(5,'214940353-6','Economia e management'),(5,'280992700-6','Economia e management'),(5,'346481000-3','Economia e management'),(5,'507124152-8','Economia e management'),(5,'584224789-5','Economia e management'),(5,'600597433-5','Economia e management'),(5,'661872594-1','Economia e management'),(5,'867778553-1','Economia e management'),(5,'870560200-9','Economia e management'),(5,'966859767-2','Economia e management'),(6,'014330257-4','Economia e management'),(6,'137066182-7','Economia e management'),(6,'147191251-5','Economia e management'),(6,'214940353-6','Economia e management'),(6,'292051296-X','Economia e management'),(6,'421308038-2','Economia e management'),(6,'560211284-7','Economia e management'),(6,'661872594-1','Economia e management'),(6,'712463375-3','Economia e management'),(6,'816886703-3','Economia e management'),(6,'857627191-5','Economia e management'),(6,'951964371-0','Economia e management'),(6,'978061177-0','Economia e management'),(7,'015674765-0','Economia e management'),(7,'137066182-7','Economia e management'),(7,'264788349-1','Economia e management'),(7,'331424241-7','Economia e management'),(7,'356414253-3','Economia e management'),(7,'516983356-3','Economia e management'),(7,'657583349-7','Economia e management'),(7,'945660604-X','Economia e management'),(7,'947990234-6','Economia e management'),(7,'992229254-8','Economia e management'),(8,'103300276-3','Economia e management'),(8,'290005808-2','Economia e management'),(8,'356414253-3','Economia e management'),(8,'364615054-8','Economia e management'),(8,'711604128-1','Economia e management'),(8,'733508116-5','Economia e management'),(8,'867778553-1','Economia e management'),(8,'870560200-9','Economia e management'),(9,'192373118-1','Economia e management'),(9,'259579784-0','Economia e management'),(9,'280992700-6','Economia e management'),(9,'364615054-8','Economia e management'),(9,'457456450-4','Economia e management'),(9,'554021569-9','Economia e management'),(9,'560211284-7','Economia e management'),(9,'756564271-1','Economia e management'),(9,'857627191-5','Economia e management'),(10,'076691563-8','Economia e management'),(10,'086031288-7','Economia e management'),(10,'368968937-6','Economia e management'),(10,'946684198-X','Economia e management'),(11,'192373118-1','Economia e management'),(11,'284203566-6','Economia e management'),(11,'560797299-2','Economia e management'),(11,'672560381-5','Economia e management'),(11,'851106761-2','Economia e management'),(11,'860964250-X','Economia e management'),(11,'978061177-0','Economia e management'),(12,'000369692-8','Economia e management'),(12,'137066182-7','Economia e management'),(12,'744780754-0','Economia e management'),(12,'775940054-3','Economia e management'),(12,'851106761-2','Economia e management'),(13,'015674765-0','Economia e management'),(13,'086031288-7','Economia e management'),(13,'192373118-1','Economia e management'),(13,'253760945-X','Economia e management'),(13,'331424241-7','Economia e management'),(13,'516983356-3','Economia e management'),(14,'009140312-X','Economia e management'),(14,'744780754-0','Economia e management'),(15,'022938411-0','Economia e management'),(16,'000369692-8','Economia e management'),(16,'022938411-0','Economia e management'),(16,'136320382-7','Economia e management'),(16,'384050463-5','Economia e management'),(16,'492112694-1','Economia e management'),(17,'015674765-0','Economia e management'),(17,'136320382-7','Economia e management'),(17,'226372696-9','Economia e management'),(17,'851106761-2','Economia e management'),(18,'851106761-2','Economia e management'),(20,'000369692-8','Economia e management'),(20,'526942871-7','Economia e management'),(1,'009047587-9','Fisica e Scienze della Terra'),(1,'022938411-0','Fisica e Scienze della Terra'),(1,'055417113-9','Fisica e Scienze della Terra'),(1,'086031288-7','Fisica e Scienze della Terra'),(1,'087133062-8','Fisica e Scienze della Terra'),(1,'103300276-3','Fisica e Scienze della Terra'),(1,'165632171-8','Fisica e Scienze della Terra'),(1,'182342356-6','Fisica e Scienze della Terra'),(1,'190222315-2','Fisica e Scienze della Terra'),(1,'194862546-6','Fisica e Scienze della Terra'),(1,'214940353-6','Fisica e Scienze della Terra'),(1,'216013488-0','Fisica e Scienze della Terra'),(1,'253760945-X','Fisica e Scienze della Terra'),(1,'284203566-6','Fisica e Scienze della Terra'),(1,'333748888-9','Fisica e Scienze della Terra'),(1,'346481000-3','Fisica e Scienze della Terra'),(1,'364615054-8','Fisica e Scienze della Terra'),(1,'421308038-2','Fisica e Scienze della Terra'),(1,'501862280-6','Fisica e Scienze della Terra'),(1,'554021569-9','Fisica e Scienze della Terra'),(1,'666013383-6','Fisica e Scienze della Terra'),(1,'863050834-5','Fisica e Scienze della Terra'),(2,'014330257-4','Fisica e Scienze della Terra'),(2,'086031288-7','Fisica e Scienze della Terra'),(2,'103300276-3','Fisica e Scienze della Terra'),(2,'129488690-8','Fisica e Scienze della Terra'),(2,'136964378-0','Fisica e Scienze della Terra'),(2,'165632171-8','Fisica e Scienze della Terra'),(2,'190222315-2','Fisica e Scienze della Terra'),(2,'192373118-1','Fisica e Scienze della Terra'),(2,'343838580-5','Fisica e Scienze della Terra'),(2,'371268896-2','Fisica e Scienze della Terra'),(2,'372098427-3','Fisica e Scienze della Terra'),(2,'376459959-6','Fisica e Scienze della Terra'),(2,'384050463-5','Fisica e Scienze della Terra'),(2,'385828979-5','Fisica e Scienze della Terra'),(2,'389625239-9','Fisica e Scienze della Terra'),(2,'510453377-8','Fisica e Scienze della Terra'),(2,'585173205-9','Fisica e Scienze della Terra'),(2,'760264513-8','Fisica e Scienze della Terra'),(2,'786395256-5','Fisica e Scienze della Terra'),(2,'801081738-4','Fisica e Scienze della Terra'),(3,'086031288-7','Fisica e Scienze della Terra'),(3,'222223087-X','Fisica e Scienze della Terra'),(3,'331424241-7','Fisica e Scienze della Terra'),(3,'333748888-9','Fisica e Scienze della Terra'),(3,'672560381-5','Fisica e Scienze della Terra'),(3,'966859767-2','Fisica e Scienze della Terra'),(4,'060088686-7','Fisica e Scienze della Terra'),(4,'129488690-8','Fisica e Scienze della Terra'),(4,'136320382-7','Fisica e Scienze della Terra'),(4,'167947701-3','Fisica e Scienze della Terra'),(4,'168316748-1','Fisica e Scienze della Terra'),(4,'255439894-1','Fisica e Scienze della Terra'),(4,'284203566-6','Fisica e Scienze della Terra'),(4,'296111646-5','Fisica e Scienze della Terra'),(4,'346481000-3','Fisica e Scienze della Terra'),(4,'351898785-2','Fisica e Scienze della Terra'),(4,'368515943-7','Fisica e Scienze della Terra'),(4,'435456826-8','Fisica e Scienze della Terra'),(4,'560211284-7','Fisica e Scienze della Terra'),(4,'744780754-0','Fisica e Scienze della Terra'),(4,'870560200-9','Fisica e Scienze della Terra'),(5,'165632171-8','Fisica e Scienze della Terra'),(5,'222223087-X','Fisica e Scienze della Terra'),(5,'356414253-3','Fisica e Scienze della Terra'),(5,'385828979-5','Fisica e Scienze della Terra'),(5,'469863297-8','Fisica e Scienze della Terra'),(5,'501862280-6','Fisica e Scienze della Terra'),(5,'509808775-9','Fisica e Scienze della Terra'),(5,'526942871-7','Fisica e Scienze della Terra'),(5,'672560381-5','Fisica e Scienze della Terra'),(5,'925812482-0','Fisica e Scienze della Terra'),(6,'131544489-5','Fisica e Scienze della Terra'),(6,'136964378-0','Fisica e Scienze della Terra'),(6,'253760945-X','Fisica e Scienze della Terra'),(6,'449571196-2','Fisica e Scienze della Terra'),(6,'515279116-1','Fisica e Scienze della Terra'),(6,'594275024-6','Fisica e Scienze della Terra'),(6,'768148078-1','Fisica e Scienze della Terra'),(6,'775940054-3','Fisica e Scienze della Terra'),(6,'829509196-4','Fisica e Scienze della Terra'),(7,'004023598-X','Fisica e Scienze della Terra'),(7,'006821799-4','Fisica e Scienze della Terra'),(7,'086031288-7','Fisica e Scienze della Terra'),(7,'103300276-3','Fisica e Scienze della Terra'),(7,'192373118-1','Fisica e Scienze della Terra'),(7,'385828979-5','Fisica e Scienze della Terra'),(7,'509808775-9','Fisica e Scienze della Terra'),(7,'526942871-7','Fisica e Scienze della Terra'),(7,'542931356-4','Fisica e Scienze della Terra'),(7,'594275024-6','Fisica e Scienze della Terra'),(7,'672217513-8','Fisica e Scienze della Terra'),(7,'740153355-3','Fisica e Scienze della Terra'),(8,'014330257-4','Fisica e Scienze della Terra'),(8,'022938411-0','Fisica e Scienze della Terra'),(8,'075305079-X','Fisica e Scienze della Terra'),(8,'292051296-X','Fisica e Scienze della Terra'),(8,'405663612-5','Fisica e Scienze della Terra'),(8,'521847642-0','Fisica e Scienze della Terra'),(8,'657583349-7','Fisica e Scienze della Terra'),(8,'756564271-1','Fisica e Scienze della Terra'),(8,'825867311-4','Fisica e Scienze della Terra'),(8,'843331705-9','Fisica e Scienze della Terra'),(9,'006821799-4','Fisica e Scienze della Terra'),(9,'184722570-5','Fisica e Scienze della Terra'),(9,'226372696-9','Fisica e Scienze della Terra'),(9,'421308038-2','Fisica e Scienze della Terra'),(9,'432587582-4','Fisica e Scienze della Terra'),(9,'733508116-5','Fisica e Scienze della Terra'),(10,'175205668-X','Fisica e Scienze della Terra'),(10,'394873350-3','Fisica e Scienze della Terra'),(10,'421308038-2','Fisica e Scienze della Terra'),(10,'526942871-7','Fisica e Scienze della Terra'),(10,'733508116-5','Fisica e Scienze della Terra'),(10,'760264513-8','Fisica e Scienze della Terra'),(10,'768148078-1','Fisica e Scienze della Terra'),(10,'843331705-9','Fisica e Scienze della Terra'),(10,'966859767-2','Fisica e Scienze della Terra'),(11,'076691563-8','Fisica e Scienze della Terra'),(11,'175205668-X','Fisica e Scienze della Terra'),(11,'331424241-7','Fisica e Scienze della Terra'),(11,'372098427-3','Fisica e Scienze della Terra'),(11,'492112694-1','Fisica e Scienze della Terra'),(11,'516983356-3','Fisica e Scienze della Terra'),(11,'526942871-7','Fisica e Scienze della Terra'),(11,'607745120-7','Fisica e Scienze della Terra'),(11,'769740772-8','Fisica e Scienze della Terra'),(12,'387623794-7','Fisica e Scienze della Terra'),(12,'560797299-2','Fisica e Scienze della Terra'),(12,'594275024-6','Fisica e Scienze della Terra'),(12,'672560381-5','Fisica e Scienze della Terra'),(12,'801081738-4','Fisica e Scienze della Terra'),(12,'867778553-1','Fisica e Scienze della Terra'),(13,'000369692-8','Fisica e Scienze della Terra'),(13,'022938411-0','Fisica e Scienze della Terra'),(13,'137066182-7','Fisica e Scienze della Terra'),(13,'226372696-9','Fisica e Scienze della Terra'),(13,'292051296-X','Fisica e Scienze della Terra'),(13,'526942871-7','Fisica e Scienze della Terra'),(13,'536751983-0','Fisica e Scienze della Terra'),(13,'554021569-9','Fisica e Scienze della Terra'),(13,'657583349-7','Fisica e Scienze della Terra'),(14,'259579784-0','Fisica e Scienze della Terra'),(14,'292051296-X','Fisica e Scienze della Terra'),(14,'672217513-8','Fisica e Scienze della Terra'),(14,'946684198-X','Fisica e Scienze della Terra'),(14,'951964371-0','Fisica e Scienze della Terra'),(15,'000369692-8','Fisica e Scienze della Terra'),(15,'147191251-5','Fisica e Scienze della Terra'),(15,'292051296-X','Fisica e Scienze della Terra'),(15,'526942871-7','Fisica e Scienze della Terra'),(15,'663119553-5','Fisica e Scienze della Terra'),(15,'740153355-3','Fisica e Scienze della Terra'),(15,'875127371-3','Fisica e Scienze della Terra'),(15,'951964371-0','Fisica e Scienze della Terra'),(16,'284203566-6','Fisica e Scienze della Terra'),(16,'516983356-3','Fisica e Scienze della Terra'),(17,'554021569-9','Fisica e Scienze della Terra'),(17,'927994979-9','Fisica e Scienze della Terra'),(18,'712463375-3','Fisica e Scienze della Terra'),(18,'978061177-0','Fisica e Scienze della Terra'),(20,'022938411-0','Fisica e Scienze della Terra'),(1,'009140312-X','Giurisprudenza'),(1,'136320382-7','Giurisprudenza'),(1,'147191251-5','Giurisprudenza'),(1,'170243376-5','Giurisprudenza'),(1,'280992700-6','Giurisprudenza'),(1,'366292343-2','Giurisprudenza'),(1,'436501926-0','Giurisprudenza'),(1,'441842932-8','Giurisprudenza'),(1,'740153355-3','Giurisprudenza'),(1,'875127371-3','Giurisprudenza'),(2,'093035174-6','Giurisprudenza'),(2,'132261731-7','Giurisprudenza'),(2,'136320382-7','Giurisprudenza'),(2,'259579784-0','Giurisprudenza'),(2,'265972215-3','Giurisprudenza'),(2,'271280652-2','Giurisprudenza'),(2,'296111646-5','Giurisprudenza'),(2,'331424241-7','Giurisprudenza'),(2,'356414253-3','Giurisprudenza'),(2,'394873350-3','Giurisprudenza'),(2,'425111017-X','Giurisprudenza'),(2,'469785019-X','Giurisprudenza'),(2,'515279116-1','Giurisprudenza'),(2,'554021569-9','Giurisprudenza'),(2,'663119553-5','Giurisprudenza'),(2,'744780754-0','Giurisprudenza'),(2,'927994979-9','Giurisprudenza'),(2,'970334328-7','Giurisprudenza'),(3,'000369692-8','Giurisprudenza'),(3,'255439894-1','Giurisprudenza'),(3,'362309208-8','Giurisprudenza'),(3,'425111017-X','Giurisprudenza'),(3,'516983356-3','Giurisprudenza'),(3,'554021569-9','Giurisprudenza'),(3,'560797299-2','Giurisprudenza'),(3,'585173205-9','Giurisprudenza'),(3,'756564271-1','Giurisprudenza'),(3,'825867311-4','Giurisprudenza'),(4,'014330257-4','Giurisprudenza'),(4,'023019395-1','Giurisprudenza'),(4,'103300276-3','Giurisprudenza'),(4,'136964378-0','Giurisprudenza'),(4,'175205668-X','Giurisprudenza'),(4,'214940353-6','Giurisprudenza'),(4,'259579784-0','Giurisprudenza'),(4,'292051296-X','Giurisprudenza'),(4,'372098427-3','Giurisprudenza'),(4,'376459959-6','Giurisprudenza'),(4,'425111017-X','Giurisprudenza'),(4,'432587582-4','Giurisprudenza'),(4,'509808775-9','Giurisprudenza'),(4,'752213396-3','Giurisprudenza'),(4,'863050834-5','Giurisprudenza'),(5,'050916783-7','Giurisprudenza'),(5,'158999545-7','Giurisprudenza'),(5,'170243376-5','Giurisprudenza'),(5,'184722570-5','Giurisprudenza'),(5,'253760945-X','Giurisprudenza'),(5,'259579784-0','Giurisprudenza'),(5,'300485539-9','Giurisprudenza'),(5,'368968937-6','Giurisprudenza'),(5,'371268896-2','Giurisprudenza'),(5,'742437654-3','Giurisprudenza'),(5,'760264513-8','Giurisprudenza'),(5,'768148078-1','Giurisprudenza'),(5,'857627191-5','Giurisprudenza'),(5,'927994979-9','Giurisprudenza'),(5,'992229254-8','Giurisprudenza'),(6,'023019395-1','Giurisprudenza'),(6,'259579784-0','Giurisprudenza'),(6,'290005808-2','Giurisprudenza'),(6,'300485539-9','Giurisprudenza'),(6,'362309208-8','Giurisprudenza'),(6,'369048652-1','Giurisprudenza'),(6,'376459959-6','Giurisprudenza'),(6,'469785019-X','Giurisprudenza'),(6,'600597433-5','Giurisprudenza'),(7,'158999545-7','Giurisprudenza'),(7,'168316748-1','Giurisprudenza'),(7,'194862546-6','Giurisprudenza'),(7,'259579784-0','Giurisprudenza'),(7,'280992700-6','Giurisprudenza'),(7,'371268896-2','Giurisprudenza'),(7,'421308038-2','Giurisprudenza'),(7,'733508116-5','Giurisprudenza'),(7,'768148078-1','Giurisprudenza'),(7,'786395256-5','Giurisprudenza'),(7,'816886703-3','Giurisprudenza'),(7,'863050834-5','Giurisprudenza'),(8,'086031288-7','Giurisprudenza'),(8,'158999545-7','Giurisprudenza'),(8,'226372696-9','Giurisprudenza'),(8,'265972215-3','Giurisprudenza'),(8,'343838580-5','Giurisprudenza'),(8,'560211284-7','Giurisprudenza'),(8,'661872594-1','Giurisprudenza'),(8,'829509196-4','Giurisprudenza'),(9,'023019395-1','Giurisprudenza'),(9,'194862546-6','Giurisprudenza'),(9,'222223087-X','Giurisprudenza'),(9,'265972215-3','Giurisprudenza'),(9,'284203566-6','Giurisprudenza'),(9,'405663612-5','Giurisprudenza'),(9,'672560381-5','Giurisprudenza'),(9,'775940054-3','Giurisprudenza'),(9,'927994979-9','Giurisprudenza'),(10,'023019395-1','Giurisprudenza'),(10,'253760945-X','Giurisprudenza'),(10,'280992700-6','Giurisprudenza'),(10,'385828979-5','Giurisprudenza'),(10,'387623794-7','Giurisprudenza'),(10,'432587582-4','Giurisprudenza'),(10,'507124152-8','Giurisprudenza'),(10,'672560381-5','Giurisprudenza'),(10,'857627191-5','Giurisprudenza'),(10,'860964250-X','Giurisprudenza'),(11,'226372696-9','Giurisprudenza'),(11,'384050463-5','Giurisprudenza'),(11,'744780754-0','Giurisprudenza'),(12,'009140312-X','Giurisprudenza'),(12,'068254989-4','Giurisprudenza'),(12,'147191251-5','Giurisprudenza'),(12,'226372696-9','Giurisprudenza'),(12,'346481000-3','Giurisprudenza'),(12,'836374770-X','Giurisprudenza'),(13,'284203566-6','Giurisprudenza'),(13,'857627191-5','Giurisprudenza'),(14,'214940353-6','Giurisprudenza'),(14,'384050463-5','Giurisprudenza'),(14,'585173205-9','Giurisprudenza'),(15,'170243376-5','Giurisprudenza'),(15,'492112694-1','Giurisprudenza'),(15,'607745120-7','Giurisprudenza'),(16,'136964378-0','Giurisprudenza'),(17,'170243376-5','Giurisprudenza'),(17,'384050463-5','Giurisprudenza'),(17,'526942871-7','Giurisprudenza'),(17,'661872594-1','Giurisprudenza'),(19,'372098427-3','Giurisprudenza'),(1,'014330257-4','Ingegneria'),(1,'179592990-1','Ingegneria'),(1,'192373118-1','Ingegneria'),(1,'356414253-3','Ingegneria'),(1,'368990830-2','Ingegneria'),(1,'389625239-9','Ingegneria'),(1,'515279116-1','Ingegneria'),(1,'521329516-9','Ingegneria'),(1,'536751983-0','Ingegneria'),(1,'712463375-3','Ingegneria'),(1,'769740772-8','Ingegneria'),(1,'925812482-0','Ingegneria'),(1,'978061177-0','Ingegneria'),(2,'009047587-9','Ingegneria'),(2,'137066182-7','Ingegneria'),(2,'167947701-3','Ingegneria'),(2,'168316748-1','Ingegneria'),(2,'175205668-X','Ingegneria'),(2,'182342356-6','Ingegneria'),(2,'216013488-0','Ingegneria'),(2,'226372696-9','Ingegneria'),(2,'264788349-1','Ingegneria'),(2,'290005808-2','Ingegneria'),(2,'292051296-X','Ingegneria'),(2,'333748888-9','Ingegneria'),(2,'351898785-2','Ingegneria'),(2,'501862280-6','Ingegneria'),(2,'502714957-3','Ingegneria'),(2,'584224789-5','Ingegneria'),(2,'698429931-4','Ingegneria'),(2,'740153355-3','Ingegneria'),(2,'752213396-3','Ingegneria'),(2,'946684198-X','Ingegneria'),(2,'966859767-2','Ingegneria'),(3,'009140312-X','Ingegneria'),(3,'060088686-7','Ingegneria'),(3,'087133062-8','Ingegneria'),(3,'216013488-0','Ingegneria'),(3,'369048652-1','Ingegneria'),(3,'385828979-5','Ingegneria'),(3,'405663612-5','Ingegneria'),(3,'510453377-8','Ingegneria'),(3,'711604128-1','Ingegneria'),(3,'733508116-5','Ingegneria'),(3,'786395256-5','Ingegneria'),(3,'945660604-X','Ingegneria'),(4,'004023598-X','Ingegneria'),(4,'009140312-X','Ingegneria'),(4,'075305079-X','Ingegneria'),(4,'290005808-2','Ingegneria'),(4,'371268896-2','Ingegneria'),(4,'421128511-4','Ingegneria'),(4,'436501926-0','Ingegneria'),(4,'554021569-9','Ingegneria'),(4,'653073623-9','Ingegneria'),(4,'825867311-4','Ingegneria'),(4,'872379238-8','Ingegneria'),(4,'925812482-0','Ingegneria'),(4,'978061177-0','Ingegneria'),(5,'006821799-4','Ingegneria'),(5,'022938411-0','Ingegneria'),(5,'083845517-4','Ingegneria'),(5,'087133062-8','Ingegneria'),(5,'168316748-1','Ingegneria'),(5,'192373118-1','Ingegneria'),(5,'343838580-5','Ingegneria'),(5,'368515943-7','Ingegneria'),(5,'394873350-3','Ingegneria'),(5,'405663612-5','Ingegneria'),(5,'502714957-3','Ingegneria'),(5,'663119553-5','Ingegneria'),(5,'733508116-5','Ingegneria'),(6,'000369692-8','Ingegneria'),(6,'022938411-0','Ingegneria'),(6,'167947701-3','Ingegneria'),(6,'226372696-9','Ingegneria'),(6,'502714957-3','Ingegneria'),(6,'560797299-2','Ingegneria'),(6,'584224789-5','Ingegneria'),(6,'585173205-9','Ingegneria'),(6,'672217513-8','Ingegneria'),(6,'870560200-9','Ingegneria'),(6,'945660604-X','Ingegneria'),(6,'946684198-X','Ingegneria'),(7,'147191251-5','Ingegneria'),(7,'167947701-3','Ingegneria'),(7,'214940353-6','Ingegneria'),(7,'300485539-9','Ingegneria'),(7,'457456450-4','Ingegneria'),(7,'502714957-3','Ingegneria'),(7,'554021569-9','Ingegneria'),(7,'661872594-1','Ingegneria'),(7,'712463375-3','Ingegneria'),(7,'829509196-4','Ingegneria'),(7,'966859767-2','Ingegneria'),(8,'000369692-8','Ingegneria'),(8,'194862546-6','Ingegneria'),(8,'368515943-7','Ingegneria'),(8,'421128511-4','Ingegneria'),(8,'509808775-9','Ingegneria'),(8,'521329516-9','Ingegneria'),(8,'775940054-3','Ingegneria'),(8,'816886703-3','Ingegneria'),(9,'086031288-7','Ingegneria'),(9,'136964378-0','Ingegneria'),(9,'356414253-3','Ingegneria'),(9,'362309208-8','Ingegneria'),(9,'368968937-6','Ingegneria'),(9,'387623794-7','Ingegneria'),(9,'501862280-6','Ingegneria'),(9,'502714957-3','Ingegneria'),(9,'594275024-6','Ingegneria'),(9,'607745120-7','Ingegneria'),(9,'657583349-7','Ingegneria'),(9,'711604128-1','Ingegneria'),(9,'978061177-0','Ingegneria'),(10,'000369692-8','Ingegneria'),(10,'131544489-5','Ingegneria'),(10,'469785019-X','Ingegneria'),(10,'492112694-1','Ingegneria'),(10,'521847642-0','Ingegneria'),(10,'657583349-7','Ingegneria'),(10,'711604128-1','Ingegneria'),(10,'836374770-X','Ingegneria'),(10,'875127371-3','Ingegneria'),(10,'927994979-9','Ingegneria'),(11,'015674765-0','Ingegneria'),(11,'222223087-X','Ingegneria'),(11,'259579784-0','Ingegneria'),(11,'368968937-6','Ingegneria'),(11,'507124152-8','Ingegneria'),(11,'521847642-0','Ingegneria'),(11,'585173205-9','Ingegneria'),(11,'742437654-3','Ingegneria'),(12,'023019395-1','Ingegneria'),(12,'175205668-X','Ingegneria'),(12,'469785019-X','Ingegneria'),(13,'136964378-0','Ingegneria'),(13,'170243376-5','Ingegneria'),(13,'372098427-3','Ingegneria'),(13,'712463375-3','Ingegneria'),(13,'851106761-2','Ingegneria'),(13,'870560200-9','Ingegneria'),(13,'978061177-0','Ingegneria'),(14,'170243376-5','Ingegneria'),(14,'226372696-9','Ingegneria'),(14,'364615054-8','Ingegneria'),(14,'368968937-6','Ingegneria'),(14,'978061177-0','Ingegneria'),(15,'222223087-X','Ingegneria'),(15,'368968937-6','Ingegneria'),(16,'372098427-3','Ingegneria'),(16,'554021569-9','Ingegneria'),(17,'222223087-X','Ingegneria'),(17,'712463375-3','Ingegneria'),(18,'946684198-X','Ingegneria'),(19,'657583349-7','Ingegneria'),(1,'137066182-7','Matematica e Informatica'),(1,'255439894-1','Matematica e Informatica'),(1,'296111646-5','Matematica e Informatica'),(1,'343838580-5','Matematica e Informatica'),(1,'368515943-7','Matematica e Informatica'),(1,'394873350-3','Matematica e Informatica'),(1,'516983356-3','Matematica e Informatica'),(1,'585173205-9','Matematica e Informatica'),(1,'945660604-X','Matematica e Informatica'),(2,'000369692-8','Matematica e Informatica'),(2,'006821799-4','Matematica e Informatica'),(2,'015674765-0','Matematica e Informatica'),(2,'060088686-7','Matematica e Informatica'),(2,'147191251-5','Matematica e Informatica'),(2,'255439894-1','Matematica e Informatica'),(2,'299282269-8','Matematica e Informatica'),(2,'368990830-2','Matematica e Informatica'),(2,'600597433-5','Matematica e Informatica'),(2,'611928800-7','Matematica e Informatica'),(2,'825867311-4','Matematica e Informatica'),(2,'863050834-5','Matematica e Informatica'),(2,'875127371-3','Matematica e Informatica'),(2,'947990234-6','Matematica e Informatica'),(3,'136964378-0','Matematica e Informatica'),(3,'158999545-7','Matematica e Informatica'),(3,'165632171-8','Matematica e Informatica'),(3,'182342356-6','Matematica e Informatica'),(3,'214940353-6','Matematica e Informatica'),(3,'271280652-2','Matematica e Informatica'),(3,'368968937-6','Matematica e Informatica'),(3,'368990830-2','Matematica e Informatica'),(3,'515279116-1','Matematica e Informatica'),(3,'526942871-7','Matematica e Informatica'),(3,'607745120-7','Matematica e Informatica'),(3,'801081738-4','Matematica e Informatica'),(3,'851106761-2','Matematica e Informatica'),(3,'978061177-0','Matematica e Informatica'),(3,'998941371-1','Matematica e Informatica'),(4,'015674765-0','Matematica e Informatica'),(4,'076691563-8','Matematica e Informatica'),(4,'083845517-4','Matematica e Informatica'),(4,'147191251-5','Matematica e Informatica'),(4,'165632171-8','Matematica e Informatica'),(4,'226372696-9','Matematica e Informatica'),(4,'264788349-1','Matematica e Informatica'),(4,'368990830-2','Matematica e Informatica'),(4,'387623794-7','Matematica e Informatica'),(4,'449571196-2','Matematica e Informatica'),(4,'536751983-0','Matematica e Informatica'),(4,'672560381-5','Matematica e Informatica'),(4,'712463375-3','Matematica e Informatica'),(4,'733508116-5','Matematica e Informatica'),(4,'816886703-3','Matematica e Informatica'),(4,'829509196-4','Matematica e Informatica'),(4,'860964250-X','Matematica e Informatica'),(4,'947990234-6','Matematica e Informatica'),(4,'992229254-8','Matematica e Informatica'),(5,'175205668-X','Matematica e Informatica'),(5,'290005808-2','Matematica e Informatica'),(5,'292051296-X','Matematica e Informatica'),(5,'369048652-1','Matematica e Informatica'),(5,'517581126-6','Matematica e Informatica'),(5,'521329516-9','Matematica e Informatica'),(5,'560211284-7','Matematica e Informatica'),(5,'653175736-1','Matematica e Informatica'),(5,'740153355-3','Matematica e Informatica'),(5,'752213396-3','Matematica e Informatica'),(5,'786395256-5','Matematica e Informatica'),(5,'801081738-4','Matematica e Informatica'),(6,'006821799-4','Matematica e Informatica'),(6,'015674765-0','Matematica e Informatica'),(6,'136320382-7','Matematica e Informatica'),(6,'364615054-8','Matematica e Informatica'),(6,'371268896-2','Matematica e Informatica'),(6,'421128511-4','Matematica e Informatica'),(6,'457456450-4','Matematica e Informatica'),(6,'509808775-9','Matematica e Informatica'),(6,'554021569-9','Matematica e Informatica'),(6,'801081738-4','Matematica e Informatica'),(6,'851106761-2','Matematica e Informatica'),(7,'014330257-4','Matematica e Informatica'),(7,'368515943-7','Matematica e Informatica'),(7,'376459959-6','Matematica e Informatica'),(7,'394873350-3','Matematica e Informatica'),(7,'585173205-9','Matematica e Informatica'),(7,'672560381-5','Matematica e Informatica'),(7,'711604128-1','Matematica e Informatica'),(7,'744780754-0','Matematica e Informatica'),(8,'015674765-0','Matematica e Informatica'),(8,'087133062-8','Matematica e Informatica'),(8,'136320382-7','Matematica e Informatica'),(8,'136964378-0','Matematica e Informatica'),(8,'222223087-X','Matematica e Informatica'),(8,'368968937-6','Matematica e Informatica'),(8,'369048652-1','Matematica e Informatica'),(8,'492112694-1','Matematica e Informatica'),(8,'501862280-6','Matematica e Informatica'),(8,'516983356-3','Matematica e Informatica'),(8,'594275024-6','Matematica e Informatica'),(8,'672560381-5','Matematica e Informatica'),(8,'851106761-2','Matematica e Informatica'),(8,'857627191-5','Matematica e Informatica'),(8,'946684198-X','Matematica e Informatica'),(9,'014330257-4','Matematica e Informatica'),(9,'087133062-8','Matematica e Informatica'),(9,'296111646-5','Matematica e Informatica'),(9,'368515943-7','Matematica e Informatica'),(9,'384050463-5','Matematica e Informatica'),(9,'521847642-0','Matematica e Informatica'),(9,'816886703-3','Matematica e Informatica'),(10,'226372696-9','Matematica e Informatica'),(10,'346481000-3','Matematica e Informatica'),(10,'405663612-5','Matematica e Informatica'),(10,'560211284-7','Matematica e Informatica'),(10,'742437654-3','Matematica e Informatica'),(10,'851106761-2','Matematica e Informatica'),(11,'137066182-7','Matematica e Informatica'),(11,'253760945-X','Matematica e Informatica'),(11,'347737564-5','Matematica e Informatica'),(11,'387623794-7','Matematica e Informatica'),(11,'469785019-X','Matematica e Informatica'),(11,'857627191-5','Matematica e Informatica'),(12,'006821799-4','Matematica e Informatica'),(12,'022938411-0','Matematica e Informatica'),(12,'184722570-5','Matematica e Informatica'),(12,'284203566-6','Matematica e Informatica'),(12,'343838580-5','Matematica e Informatica'),(12,'364615054-8','Matematica e Informatica'),(12,'492112694-1','Matematica e Informatica'),(12,'870560200-9','Matematica e Informatica'),(12,'927994979-9','Matematica e Informatica'),(13,'006821799-4','Matematica e Informatica'),(13,'009140312-X','Matematica e Informatica'),(13,'147191251-5','Matematica e Informatica'),(13,'259579784-0','Matematica e Informatica'),(13,'356414253-3','Matematica e Informatica'),(13,'469785019-X','Matematica e Informatica'),(13,'521847642-0','Matematica e Informatica'),(13,'867778553-1','Matematica e Informatica'),(13,'927994979-9','Matematica e Informatica'),(14,'000369692-8','Matematica e Informatica'),(14,'022938411-0','Matematica e Informatica'),(14,'663119553-5','Matematica e Informatica'),(15,'136320382-7','Matematica e Informatica'),(15,'214940353-6','Matematica e Informatica'),(15,'536751983-0','Matematica e Informatica'),(16,'015674765-0','Matematica e Informatica'),(16,'147191251-5','Matematica e Informatica'),(16,'712463375-3','Matematica e Informatica'),(16,'946684198-X','Matematica e Informatica'),(17,'292051296-X','Matematica e Informatica'),(18,'492112694-1','Matematica e Informatica'),(18,'521847642-0','Matematica e Informatica'),(18,'526942871-7','Matematica e Informatica'),(18,'927994979-9','Matematica e Informatica'),(20,'927994979-9','Matematica e Informatica'),(1,'052706515-3','Morfologia, chirurgia e medicina sperimentale'),(1,'083845517-4','Morfologia, chirurgia e medicina sperimentale'),(1,'226372696-9','Morfologia, chirurgia e medicina sperimentale'),(1,'259579784-0','Morfologia, chirurgia e medicina sperimentale'),(1,'368968937-6','Morfologia, chirurgia e medicina sperimentale'),(1,'376459959-6','Morfologia, chirurgia e medicina sperimentale'),(1,'405663612-5','Morfologia, chirurgia e medicina sperimentale'),(1,'469785019-X','Morfologia, chirurgia e medicina sperimentale'),(1,'510453377-8','Morfologia, chirurgia e medicina sperimentale'),(1,'584224789-5','Morfologia, chirurgia e medicina sperimentale'),(1,'607745120-7','Morfologia, chirurgia e medicina sperimentale'),(1,'657583349-7','Morfologia, chirurgia e medicina sperimentale'),(1,'744780754-0','Morfologia, chirurgia e medicina sperimentale'),(2,'022938411-0','Morfologia, chirurgia e medicina sperimentale'),(2,'055417113-9','Morfologia, chirurgia e medicina sperimentale'),(2,'065646345-7','Morfologia, chirurgia e medicina sperimentale'),(2,'179592990-1','Morfologia, chirurgia e medicina sperimentale'),(2,'184722570-5','Morfologia, chirurgia e medicina sperimentale'),(2,'253760945-X','Morfologia, chirurgia e medicina sperimentale'),(2,'362309208-8','Morfologia, chirurgia e medicina sperimentale'),(2,'507124152-8','Morfologia, chirurgia e medicina sperimentale'),(2,'560211284-7','Morfologia, chirurgia e medicina sperimentale'),(2,'671158165-2','Morfologia, chirurgia e medicina sperimentale'),(2,'829509196-4','Morfologia, chirurgia e medicina sperimentale'),(3,'022938411-0','Morfologia, chirurgia e medicina sperimentale'),(3,'129488690-8','Morfologia, chirurgia e medicina sperimentale'),(3,'168316748-1','Morfologia, chirurgia e medicina sperimentale'),(3,'264788349-1','Morfologia, chirurgia e medicina sperimentale'),(3,'292051296-X','Morfologia, chirurgia e medicina sperimentale'),(3,'299282269-8','Morfologia, chirurgia e medicina sperimentale'),(3,'435456826-8','Morfologia, chirurgia e medicina sperimentale'),(3,'457456450-4','Morfologia, chirurgia e medicina sperimentale'),(3,'469785019-X','Morfologia, chirurgia e medicina sperimentale'),(3,'502714957-3','Morfologia, chirurgia e medicina sperimentale'),(3,'509808775-9','Morfologia, chirurgia e medicina sperimentale'),(3,'560211284-7','Morfologia, chirurgia e medicina sperimentale'),(3,'600597433-5','Morfologia, chirurgia e medicina sperimentale'),(3,'657583349-7','Morfologia, chirurgia e medicina sperimentale'),(3,'742437654-3','Morfologia, chirurgia e medicina sperimentale'),(3,'744780754-0','Morfologia, chirurgia e medicina sperimentale'),(3,'775940054-3','Morfologia, chirurgia e medicina sperimentale'),(3,'843331705-9','Morfologia, chirurgia e medicina sperimentale'),(3,'875127371-3','Morfologia, chirurgia e medicina sperimentale'),(3,'927994979-9','Morfologia, chirurgia e medicina sperimentale'),(3,'947990234-6','Morfologia, chirurgia e medicina sperimentale'),(4,'584224789-5','Morfologia, chirurgia e medicina sperimentale'),(4,'585173205-9','Morfologia, chirurgia e medicina sperimentale'),(4,'653175736-1','Morfologia, chirurgia e medicina sperimentale'),(4,'663119553-5','Morfologia, chirurgia e medicina sperimentale'),(4,'671158165-2','Morfologia, chirurgia e medicina sperimentale'),(4,'740153355-3','Morfologia, chirurgia e medicina sperimentale'),(4,'769740772-8','Morfologia, chirurgia e medicina sperimentale'),(4,'857627191-5','Morfologia, chirurgia e medicina sperimentale'),(5,'000369692-8','Morfologia, chirurgia e medicina sperimentale'),(5,'015674765-0','Morfologia, chirurgia e medicina sperimentale'),(5,'065646345-7','Morfologia, chirurgia e medicina sperimentale'),(5,'093035174-6','Morfologia, chirurgia e medicina sperimentale'),(5,'376459959-6','Morfologia, chirurgia e medicina sperimentale'),(5,'457456450-4','Morfologia, chirurgia e medicina sperimentale'),(5,'585173205-9','Morfologia, chirurgia e medicina sperimentale'),(5,'744780754-0','Morfologia, chirurgia e medicina sperimentale'),(5,'825867311-4','Morfologia, chirurgia e medicina sperimentale'),(5,'843331705-9','Morfologia, chirurgia e medicina sperimentale'),(5,'951964371-0','Morfologia, chirurgia e medicina sperimentale'),(6,'083845517-4','Morfologia, chirurgia e medicina sperimentale'),(6,'170243376-5','Morfologia, chirurgia e medicina sperimentale'),(6,'387623794-7','Morfologia, chirurgia e medicina sperimentale'),(6,'425111017-X','Morfologia, chirurgia e medicina sperimentale'),(6,'521847642-0','Morfologia, chirurgia e medicina sperimentale'),(6,'760264513-8','Morfologia, chirurgia e medicina sperimentale'),(7,'022938411-0','Morfologia, chirurgia e medicina sperimentale'),(7,'075305079-X','Morfologia, chirurgia e medicina sperimentale'),(7,'136320382-7','Morfologia, chirurgia e medicina sperimentale'),(7,'170243376-5','Morfologia, chirurgia e medicina sperimentale'),(7,'184722570-5','Morfologia, chirurgia e medicina sperimentale'),(7,'265972215-3','Morfologia, chirurgia e medicina sperimentale'),(7,'362309208-8','Morfologia, chirurgia e medicina sperimentale'),(7,'449571196-2','Morfologia, chirurgia e medicina sperimentale'),(7,'521847642-0','Morfologia, chirurgia e medicina sperimentale'),(7,'560211284-7','Morfologia, chirurgia e medicina sperimentale'),(7,'801081738-4','Morfologia, chirurgia e medicina sperimentale'),(7,'851106761-2','Morfologia, chirurgia e medicina sperimentale'),(7,'870560200-9','Morfologia, chirurgia e medicina sperimentale'),(7,'946684198-X','Morfologia, chirurgia e medicina sperimentale'),(8,'167947701-3','Morfologia, chirurgia e medicina sperimentale'),(8,'175205668-X','Morfologia, chirurgia e medicina sperimentale'),(8,'384050463-5','Morfologia, chirurgia e medicina sperimentale'),(8,'449571196-2','Morfologia, chirurgia e medicina sperimentale'),(8,'585173205-9','Morfologia, chirurgia e medicina sperimentale'),(8,'836374770-X','Morfologia, chirurgia e medicina sperimentale'),(8,'860964250-X','Morfologia, chirurgia e medicina sperimentale'),(8,'927994979-9','Morfologia, chirurgia e medicina sperimentale'),(9,'009140312-X','Morfologia, chirurgia e medicina sperimentale'),(9,'015674765-0','Morfologia, chirurgia e medicina sperimentale'),(9,'136320382-7','Morfologia, chirurgia e medicina sperimentale'),(9,'300485539-9','Morfologia, chirurgia e medicina sperimentale'),(9,'346481000-3','Morfologia, chirurgia e medicina sperimentale'),(9,'369048652-1','Morfologia, chirurgia e medicina sperimentale'),(9,'469785019-X','Morfologia, chirurgia e medicina sperimentale'),(9,'492112694-1','Morfologia, chirurgia e medicina sperimentale'),(9,'843331705-9','Morfologia, chirurgia e medicina sperimentale'),(9,'851106761-2','Morfologia, chirurgia e medicina sperimentale'),(9,'860964250-X','Morfologia, chirurgia e medicina sperimentale'),(9,'875127371-3','Morfologia, chirurgia e medicina sperimentale'),(10,'022938411-0','Morfologia, chirurgia e medicina sperimentale'),(10,'756564271-1','Morfologia, chirurgia e medicina sperimentale'),(10,'829509196-4','Morfologia, chirurgia e medicina sperimentale'),(10,'925812482-0','Morfologia, chirurgia e medicina sperimentale'),(10,'945660604-X','Morfologia, chirurgia e medicina sperimentale'),(11,'086031288-7','Morfologia, chirurgia e medicina sperimentale'),(11,'136964378-0','Morfologia, chirurgia e medicina sperimentale'),(11,'170243376-5','Morfologia, chirurgia e medicina sperimentale'),(11,'356414253-3','Morfologia, chirurgia e medicina sperimentale'),(11,'951964371-0','Morfologia, chirurgia e medicina sperimentale'),(12,'192373118-1','Morfologia, chirurgia e medicina sperimentale'),(12,'372098427-3','Morfologia, chirurgia e medicina sperimentale'),(12,'421308038-2','Morfologia, chirurgia e medicina sperimentale'),(12,'860964250-X','Morfologia, chirurgia e medicina sperimentale'),(12,'875127371-3','Morfologia, chirurgia e medicina sperimentale'),(12,'966859767-2','Morfologia, chirurgia e medicina sperimentale'),(13,'068254989-4','Morfologia, chirurgia e medicina sperimentale'),(13,'214940353-6','Morfologia, chirurgia e medicina sperimentale'),(13,'585173205-9','Morfologia, chirurgia e medicina sperimentale'),(13,'740153355-3','Morfologia, chirurgia e medicina sperimentale'),(13,'801081738-4','Morfologia, chirurgia e medicina sperimentale'),(13,'875127371-3','Morfologia, chirurgia e medicina sperimentale'),(14,'136320382-7','Morfologia, chirurgia e medicina sperimentale'),(14,'372098427-3','Morfologia, chirurgia e medicina sperimentale'),(14,'492112694-1','Morfologia, chirurgia e medicina sperimentale'),(14,'775940054-3','Morfologia, chirurgia e medicina sperimentale'),(14,'875127371-3','Morfologia, chirurgia e medicina sperimentale'),(15,'259579784-0','Morfologia, chirurgia e medicina sperimentale'),(15,'554021569-9','Morfologia, chirurgia e medicina sperimentale'),(15,'657583349-7','Morfologia, chirurgia e medicina sperimentale'),(15,'672217513-8','Morfologia, chirurgia e medicina sperimentale'),(15,'836374770-X','Morfologia, chirurgia e medicina sperimentale'),(15,'946684198-X','Morfologia, chirurgia e medicina sperimentale'),(16,'259579784-0','Morfologia, chirurgia e medicina sperimentale'),(16,'331424241-7','Morfologia, chirurgia e medicina sperimentale'),(16,'536751983-0','Morfologia, chirurgia e medicina sperimentale'),(16,'875127371-3','Morfologia, chirurgia e medicina sperimentale'),(17,'521847642-0','Morfologia, chirurgia e medicina sperimentale'),(18,'672217513-8','Morfologia, chirurgia e medicina sperimentale'),(19,'259579784-0','Morfologia, chirurgia e medicina sperimentale'),(19,'526942871-7','Morfologia, chirurgia e medicina sperimentale'),(19,'927994979-9','Morfologia, chirurgia e medicina sperimentale'),(1,'222223087-X','Scienze biomediche e chirurgico specialistiche'),(1,'256739345-5','Scienze biomediche e chirurgico specialistiche'),(1,'271280652-2','Scienze biomediche e chirurgico specialistiche'),(1,'300485539-9','Scienze biomediche e chirurgico specialistiche'),(1,'371268896-2','Scienze biomediche e chirurgico specialistiche'),(1,'425111017-X','Scienze biomediche e chirurgico specialistiche'),(1,'492112694-1','Scienze biomediche e chirurgico specialistiche'),(1,'560211284-7','Scienze biomediche e chirurgico specialistiche'),(1,'711604128-1','Scienze biomediche e chirurgico specialistiche'),(1,'756564271-1','Scienze biomediche e chirurgico specialistiche'),(1,'867778553-1','Scienze biomediche e chirurgico specialistiche'),(1,'951964371-0','Scienze biomediche e chirurgico specialistiche'),(2,'004023598-X','Scienze biomediche e chirurgico specialistiche'),(2,'023019395-1','Scienze biomediche e chirurgico specialistiche'),(2,'068254989-4','Scienze biomediche e chirurgico specialistiche'),(2,'101215590-0','Scienze biomediche e chirurgico specialistiche'),(2,'170243376-5','Scienze biomediche e chirurgico specialistiche'),(2,'712463375-3','Scienze biomediche e chirurgico specialistiche'),(2,'733508116-5','Scienze biomediche e chirurgico specialistiche'),(2,'742437654-3','Scienze biomediche e chirurgico specialistiche'),(2,'860964250-X','Scienze biomediche e chirurgico specialistiche'),(2,'867778553-1','Scienze biomediche e chirurgico specialistiche'),(2,'870560200-9','Scienze biomediche e chirurgico specialistiche'),(2,'872379238-8','Scienze biomediche e chirurgico specialistiche'),(2,'951964371-0','Scienze biomediche e chirurgico specialistiche'),(2,'978061177-0','Scienze biomediche e chirurgico specialistiche'),(3,'009047587-9','Scienze biomediche e chirurgico specialistiche'),(3,'023019395-1','Scienze biomediche e chirurgico specialistiche'),(3,'075305079-X','Scienze biomediche e chirurgico specialistiche'),(3,'101215590-0','Scienze biomediche e chirurgico specialistiche'),(3,'137066182-7','Scienze biomediche e chirurgico specialistiche'),(3,'194862546-6','Scienze biomediche e chirurgico specialistiche'),(3,'226372696-9','Scienze biomediche e chirurgico specialistiche'),(3,'259579784-0','Scienze biomediche e chirurgico specialistiche'),(3,'368515943-7','Scienze biomediche e chirurgico specialistiche'),(3,'371268896-2','Scienze biomediche e chirurgico specialistiche'),(3,'376459959-6','Scienze biomediche e chirurgico specialistiche'),(3,'384050463-5','Scienze biomediche e chirurgico specialistiche'),(3,'387623794-7','Scienze biomediche e chirurgico specialistiche'),(3,'432587582-4','Scienze biomediche e chirurgico specialistiche'),(3,'501862280-6','Scienze biomediche e chirurgico specialistiche'),(3,'521329516-9','Scienze biomediche e chirurgico specialistiche'),(3,'521847642-0','Scienze biomediche e chirurgico specialistiche'),(3,'671158165-2','Scienze biomediche e chirurgico specialistiche'),(3,'769740772-8','Scienze biomediche e chirurgico specialistiche'),(3,'863050834-5','Scienze biomediche e chirurgico specialistiche'),(3,'992229254-8','Scienze biomediche e chirurgico specialistiche'),(4,'006821799-4','Scienze biomediche e chirurgico specialistiche'),(4,'022938411-0','Scienze biomediche e chirurgico specialistiche'),(4,'050916783-7','Scienze biomediche e chirurgico specialistiche'),(4,'065646345-7','Scienze biomediche e chirurgico specialistiche'),(4,'101215590-0','Scienze biomediche e chirurgico specialistiche'),(4,'182342356-6','Scienze biomediche e chirurgico specialistiche'),(4,'194862546-6','Scienze biomediche e chirurgico specialistiche'),(4,'364615054-8','Scienze biomediche e chirurgico specialistiche'),(4,'369048652-1','Scienze biomediche e chirurgico specialistiche'),(4,'469785019-X','Scienze biomediche e chirurgico specialistiche'),(4,'515279116-1','Scienze biomediche e chirurgico specialistiche'),(4,'560797299-2','Scienze biomediche e chirurgico specialistiche'),(4,'594275024-6','Scienze biomediche e chirurgico specialistiche'),(4,'607745120-7','Scienze biomediche e chirurgico specialistiche'),(4,'657583349-7','Scienze biomediche e chirurgico specialistiche'),(4,'836374770-X','Scienze biomediche e chirurgico specialistiche'),(4,'951964371-0','Scienze biomediche e chirurgico specialistiche'),(5,'137066182-7','Scienze biomediche e chirurgico specialistiche'),(5,'167947701-3','Scienze biomediche e chirurgico specialistiche'),(5,'389625239-9','Scienze biomediche e chirurgico specialistiche'),(5,'469785019-X','Scienze biomediche e chirurgico specialistiche'),(5,'492112694-1','Scienze biomediche e chirurgico specialistiche'),(5,'521847642-0','Scienze biomediche e chirurgico specialistiche'),(5,'554021569-9','Scienze biomediche e chirurgico specialistiche'),(5,'712463375-3','Scienze biomediche e chirurgico specialistiche'),(6,'165632171-8','Scienze biomediche e chirurgico specialistiche'),(6,'168316748-1','Scienze biomediche e chirurgico specialistiche'),(6,'194862546-6','Scienze biomediche e chirurgico specialistiche'),(6,'264788349-1','Scienze biomediche e chirurgico specialistiche'),(6,'385828979-5','Scienze biomediche e chirurgico specialistiche'),(6,'507124152-8','Scienze biomediche e chirurgico specialistiche'),(6,'516983356-3','Scienze biomediche e chirurgico specialistiche'),(6,'521329516-9','Scienze biomediche e chirurgico specialistiche'),(6,'536751983-0','Scienze biomediche e chirurgico specialistiche'),(6,'607745120-7','Scienze biomediche e chirurgico specialistiche'),(6,'733508116-5','Scienze biomediche e chirurgico specialistiche'),(6,'744780754-0','Scienze biomediche e chirurgico specialistiche'),(6,'825867311-4','Scienze biomediche e chirurgico specialistiche'),(6,'843331705-9','Scienze biomediche e chirurgico specialistiche'),(7,'131544489-5','Scienze biomediche e chirurgico specialistiche'),(7,'226372696-9','Scienze biomediche e chirurgico specialistiche'),(7,'290005808-2','Scienze biomediche e chirurgico specialistiche'),(7,'521329516-9','Scienze biomediche e chirurgico specialistiche'),(7,'536751983-0','Scienze biomediche e chirurgico specialistiche'),(7,'560797299-2','Scienze biomediche e chirurgico specialistiche'),(7,'742437654-3','Scienze biomediche e chirurgico specialistiche'),(7,'860964250-X','Scienze biomediche e chirurgico specialistiche'),(8,'147191251-5','Scienze biomediche e chirurgico specialistiche'),(8,'284203566-6','Scienze biomediche e chirurgico specialistiche'),(8,'502714957-3','Scienze biomediche e chirurgico specialistiche'),(8,'768148078-1','Scienze biomediche e chirurgico specialistiche'),(8,'875127371-3','Scienze biomediche e chirurgico specialistiche'),(8,'925812482-0','Scienze biomediche e chirurgico specialistiche'),(9,'068254989-4','Scienze biomediche e chirurgico specialistiche'),(9,'175205668-X','Scienze biomediche e chirurgico specialistiche'),(9,'290005808-2','Scienze biomediche e chirurgico specialistiche'),(9,'292051296-X','Scienze biomediche e chirurgico specialistiche'),(9,'394873350-3','Scienze biomediche e chirurgico specialistiche'),(9,'507124152-8','Scienze biomediche e chirurgico specialistiche'),(9,'536751983-0','Scienze biomediche e chirurgico specialistiche'),(9,'585173205-9','Scienze biomediche e chirurgico specialistiche'),(9,'801081738-4','Scienze biomediche e chirurgico specialistiche'),(9,'836374770-X','Scienze biomediche e chirurgico specialistiche'),(9,'867778553-1','Scienze biomediche e chirurgico specialistiche'),(10,'068254989-4','Scienze biomediche e chirurgico specialistiche'),(10,'136964378-0','Scienze biomediche e chirurgico specialistiche'),(10,'137066182-7','Scienze biomediche e chirurgico specialistiche'),(10,'168316748-1','Scienze biomediche e chirurgico specialistiche'),(10,'347737564-5','Scienze biomediche e chirurgico specialistiche'),(10,'372098427-3','Scienze biomediche e chirurgico specialistiche'),(10,'661872594-1','Scienze biomediche e chirurgico specialistiche'),(10,'867778553-1','Scienze biomediche e chirurgico specialistiche'),(10,'870560200-9','Scienze biomediche e chirurgico specialistiche'),(10,'951964371-0','Scienze biomediche e chirurgico specialistiche'),(11,'006821799-4','Scienze biomediche e chirurgico specialistiche'),(11,'147191251-5','Scienze biomediche e chirurgico specialistiche'),(11,'364615054-8','Scienze biomediche e chirurgico specialistiche'),(11,'509808775-9','Scienze biomediche e chirurgico specialistiche'),(11,'672217513-8','Scienze biomediche e chirurgico specialistiche'),(11,'760264513-8','Scienze biomediche e chirurgico specialistiche'),(11,'867778553-1','Scienze biomediche e chirurgico specialistiche'),(11,'872379238-8','Scienze biomediche e chirurgico specialistiche'),(11,'966859767-2','Scienze biomediche e chirurgico specialistiche'),(12,'170243376-5','Scienze biomediche e chirurgico specialistiche'),(12,'253760945-X','Scienze biomediche e chirurgico specialistiche'),(12,'421128511-4','Scienze biomediche e chirurgico specialistiche'),(12,'521847642-0','Scienze biomediche e chirurgico specialistiche'),(12,'657583349-7','Scienze biomediche e chirurgico specialistiche'),(12,'829509196-4','Scienze biomediche e chirurgico specialistiche'),(13,'346481000-3','Scienze biomediche e chirurgico specialistiche'),(13,'347737564-5','Scienze biomediche e chirurgico specialistiche'),(13,'368968937-6','Scienze biomediche e chirurgico specialistiche'),(13,'672560381-5','Scienze biomediche e chirurgico specialistiche'),(13,'733508116-5','Scienze biomediche e chirurgico specialistiche'),(13,'744780754-0','Scienze biomediche e chirurgico specialistiche'),(13,'775940054-3','Scienze biomediche e chirurgico specialistiche'),(14,'076691563-8','Scienze biomediche e chirurgico specialistiche'),(14,'147191251-5','Scienze biomediche e chirurgico specialistiche'),(14,'526942871-7','Scienze biomediche e chirurgico specialistiche'),(14,'657583349-7','Scienze biomediche e chirurgico specialistiche'),(14,'740153355-3','Scienze biomediche e chirurgico specialistiche'),(15,'006821799-4','Scienze biomediche e chirurgico specialistiche'),(15,'331424241-7','Scienze biomediche e chirurgico specialistiche'),(15,'585173205-9','Scienze biomediche e chirurgico specialistiche'),(15,'712463375-3','Scienze biomediche e chirurgico specialistiche'),(15,'829509196-4','Scienze biomediche e chirurgico specialistiche'),(15,'978061177-0','Scienze biomediche e chirurgico specialistiche'),(16,'009140312-X','Scienze biomediche e chirurgico specialistiche'),(16,'222223087-X','Scienze biomediche e chirurgico specialistiche'),(16,'521847642-0','Scienze biomediche e chirurgico specialistiche'),(16,'661872594-1','Scienze biomediche e chirurgico specialistiche'),(17,'009140312-X','Scienze biomediche e chirurgico specialistiche'),(17,'492112694-1','Scienze biomediche e chirurgico specialistiche'),(17,'740153355-3','Scienze biomediche e chirurgico specialistiche'),(17,'946684198-X','Scienze biomediche e chirurgico specialistiche'),(18,'022938411-0','Scienze biomediche e chirurgico specialistiche'),(18,'226372696-9','Scienze biomediche e chirurgico specialistiche'),(18,'554021569-9','Scienze biomediche e chirurgico specialistiche'),(19,'022938411-0','Scienze biomediche e chirurgico specialistiche'),(19,'946684198-X','Scienze biomediche e chirurgico specialistiche'),(1,'065646345-7','Scienze chimiche e farmaceutiche'),(1,'085745713-6','Scienze chimiche e farmaceutiche'),(1,'093035174-6','Scienze chimiche e farmaceutiche'),(1,'132261731-7','Scienze chimiche e farmaceutiche'),(1,'167947701-3','Scienze chimiche e farmaceutiche'),(1,'184722570-5','Scienze chimiche e farmaceutiche'),(1,'331424241-7','Scienze chimiche e farmaceutiche'),(1,'362309208-8','Scienze chimiche e farmaceutiche'),(1,'457456450-4','Scienze chimiche e farmaceutiche'),(1,'594275024-6','Scienze chimiche e farmaceutiche'),(1,'653073623-9','Scienze chimiche e farmaceutiche'),(1,'768148078-1','Scienze chimiche e farmaceutiche'),(1,'989371762-0','Scienze chimiche e farmaceutiche'),(2,'131544489-5','Scienze chimiche e farmaceutiche'),(2,'301170811-8','Scienze chimiche e farmaceutiche'),(2,'346481000-3','Scienze chimiche e farmaceutiche'),(2,'404884623-X','Scienze chimiche e farmaceutiche'),(2,'421128511-4','Scienze chimiche e farmaceutiche'),(2,'435456826-8','Scienze chimiche e farmaceutiche'),(2,'469863297-8','Scienze chimiche e farmaceutiche'),(2,'516983356-3','Scienze chimiche e farmaceutiche'),(2,'521329516-9','Scienze chimiche e farmaceutiche'),(2,'560797299-2','Scienze chimiche e farmaceutiche'),(2,'653073623-9','Scienze chimiche e farmaceutiche'),(3,'014330257-4','Scienze chimiche e farmaceutiche'),(3,'085745713-6','Scienze chimiche e farmaceutiche'),(3,'136320382-7','Scienze chimiche e farmaceutiche'),(3,'167947701-3','Scienze chimiche e farmaceutiche'),(3,'179592990-1','Scienze chimiche e farmaceutiche'),(3,'356414253-3','Scienze chimiche e farmaceutiche'),(3,'584224789-5','Scienze chimiche e farmaceutiche'),(3,'653073623-9','Scienze chimiche e farmaceutiche'),(3,'661872594-1','Scienze chimiche e farmaceutiche'),(3,'663119553-5','Scienze chimiche e farmaceutiche'),(3,'666013383-6','Scienze chimiche e farmaceutiche'),(3,'752213396-3','Scienze chimiche e farmaceutiche'),(4,'137066182-7','Scienze chimiche e farmaceutiche'),(4,'158999545-7','Scienze chimiche e farmaceutiche'),(4,'190222315-2','Scienze chimiche e farmaceutiche'),(4,'222223087-X','Scienze chimiche e farmaceutiche'),(4,'265972215-3','Scienze chimiche e farmaceutiche'),(4,'343838580-5','Scienze chimiche e farmaceutiche'),(4,'384050463-5','Scienze chimiche e farmaceutiche'),(4,'385828979-5','Scienze chimiche e farmaceutiche'),(4,'492112694-1','Scienze chimiche e farmaceutiche'),(4,'501862280-6','Scienze chimiche e farmaceutiche'),(4,'502714957-3','Scienze chimiche e farmaceutiche'),(4,'711604128-1','Scienze chimiche e farmaceutiche'),(4,'760264513-8','Scienze chimiche e farmaceutiche'),(4,'927994979-9','Scienze chimiche e farmaceutiche'),(4,'946684198-X','Scienze chimiche e farmaceutiche'),(5,'014330257-4','Scienze chimiche e farmaceutiche'),(5,'103300276-3','Scienze chimiche e farmaceutiche'),(5,'255439894-1','Scienze chimiche e farmaceutiche'),(5,'384050463-5','Scienze chimiche e farmaceutiche'),(5,'387623794-7','Scienze chimiche e farmaceutiche'),(5,'435456826-8','Scienze chimiche e farmaceutiche'),(5,'711604128-1','Scienze chimiche e farmaceutiche'),(5,'836374770-X','Scienze chimiche e farmaceutiche'),(6,'009140312-X','Scienze chimiche e farmaceutiche'),(6,'086031288-7','Scienze chimiche e farmaceutiche'),(6,'103300276-3','Scienze chimiche e farmaceutiche'),(6,'192373118-1','Scienze chimiche e farmaceutiche'),(6,'343838580-5','Scienze chimiche e farmaceutiche'),(6,'372098427-3','Scienze chimiche e farmaceutiche'),(6,'384050463-5','Scienze chimiche e farmaceutiche'),(6,'469863297-8','Scienze chimiche e farmaceutiche'),(6,'526942871-7','Scienze chimiche e farmaceutiche'),(6,'663119553-5','Scienze chimiche e farmaceutiche'),(6,'740153355-3','Scienze chimiche e farmaceutiche'),(6,'742437654-3','Scienze chimiche e farmaceutiche'),(6,'786395256-5','Scienze chimiche e farmaceutiche'),(6,'863050834-5','Scienze chimiche e farmaceutiche'),(6,'875127371-3','Scienze chimiche e farmaceutiche'),(7,'087133062-8','Scienze chimiche e farmaceutiche'),(7,'346481000-3','Scienze chimiche e farmaceutiche'),(7,'384050463-5','Scienze chimiche e farmaceutiche'),(7,'387623794-7','Scienze chimiche e farmaceutiche'),(7,'507124152-8','Scienze chimiche e farmaceutiche'),(7,'872379238-8','Scienze chimiche e farmaceutiche'),(7,'927994979-9','Scienze chimiche e farmaceutiche'),(8,'083845517-4','Scienze chimiche e farmaceutiche'),(8,'259579784-0','Scienze chimiche e farmaceutiche'),(8,'264788349-1','Scienze chimiche e farmaceutiche'),(8,'300485539-9','Scienze chimiche e farmaceutiche'),(8,'372098427-3','Scienze chimiche e farmaceutiche'),(8,'457456450-4','Scienze chimiche e farmaceutiche'),(8,'507124152-8','Scienze chimiche e farmaceutiche'),(9,'000369692-8','Scienze chimiche e farmaceutiche'),(9,'147191251-5','Scienze chimiche e farmaceutiche'),(9,'168316748-1','Scienze chimiche e farmaceutiche'),(9,'214940353-6','Scienze chimiche e farmaceutiche'),(9,'744780754-0','Scienze chimiche e farmaceutiche'),(9,'870560200-9','Scienze chimiche e farmaceutiche'),(9,'946684198-X','Scienze chimiche e farmaceutiche'),(10,'222223087-X','Scienze chimiche e farmaceutiche'),(10,'607745120-7','Scienze chimiche e farmaceutiche'),(10,'712463375-3','Scienze chimiche e farmaceutiche'),(11,'009140312-X','Scienze chimiche e farmaceutiche'),(11,'296111646-5','Scienze chimiche e farmaceutiche'),(11,'657583349-7','Scienze chimiche e farmaceutiche'),(11,'663119553-5','Scienze chimiche e farmaceutiche'),(12,'076691563-8','Scienze chimiche e farmaceutiche'),(12,'222223087-X','Scienze chimiche e farmaceutiche'),(12,'259579784-0','Scienze chimiche e farmaceutiche'),(12,'347737564-5','Scienze chimiche e farmaceutiche'),(12,'516983356-3','Scienze chimiche e farmaceutiche'),(12,'872379238-8','Scienze chimiche e farmaceutiche'),(13,'222223087-X','Scienze chimiche e farmaceutiche'),(13,'384050463-5','Scienze chimiche e farmaceutiche'),(13,'492112694-1','Scienze chimiche e farmaceutiche'),(13,'607745120-7','Scienze chimiche e farmaceutiche'),(14,'015674765-0','Scienze chimiche e farmaceutiche'),(14,'136964378-0','Scienze chimiche e farmaceutiche'),(14,'469785019-X','Scienze chimiche e farmaceutiche'),(14,'516983356-3','Scienze chimiche e farmaceutiche'),(14,'536751983-0','Scienze chimiche e farmaceutiche'),(14,'760264513-8','Scienze chimiche e farmaceutiche'),(14,'836374770-X','Scienze chimiche e farmaceutiche'),(14,'851106761-2','Scienze chimiche e farmaceutiche'),(15,'372098427-3','Scienze chimiche e farmaceutiche'),(15,'521847642-0','Scienze chimiche e farmaceutiche'),(15,'560211284-7','Scienze chimiche e farmaceutiche'),(15,'775940054-3','Scienze chimiche e farmaceutiche'),(16,'076691563-8','Scienze chimiche e farmaceutiche'),(16,'226372696-9','Scienze chimiche e farmaceutiche'),(16,'672217513-8','Scienze chimiche e farmaceutiche'),(16,'978061177-0','Scienze chimiche e farmaceutiche'),(17,'663119553-5','Scienze chimiche e farmaceutiche'),(17,'875127371-3','Scienze chimiche e farmaceutiche'),(18,'259579784-0','Scienze chimiche e farmaceutiche'),(19,'712463375-3','Scienze chimiche e farmaceutiche'),(20,'492112694-1','Scienze chimiche e farmaceutiche'),(1,'000369692-8','Scienze della vita e biotecnologie'),(1,'136964378-0','Scienze della vita e biotecnologie'),(1,'290005808-2','Scienze della vita e biotecnologie'),(1,'369048652-1','Scienze della vita e biotecnologie'),(1,'372098427-3','Scienze della vita e biotecnologie'),(1,'385828979-5','Scienze della vita e biotecnologie'),(1,'386397507-3','Scienze della vita e biotecnologie'),(1,'565659819-5','Scienze della vita e biotecnologie'),(1,'653175736-1','Scienze della vita e biotecnologie'),(1,'663119553-5','Scienze della vita e biotecnologie'),(1,'671158165-2','Scienze della vita e biotecnologie'),(1,'698429931-4','Scienze della vita e biotecnologie'),(1,'742437654-3','Scienze della vita e biotecnologie'),(1,'947990234-6','Scienze della vita e biotecnologie'),(2,'364615054-8','Scienze della vita e biotecnologie'),(2,'387623794-7','Scienze della vita e biotecnologie'),(2,'457456450-4','Scienze della vita e biotecnologie'),(2,'521847642-0','Scienze della vita e biotecnologie'),(2,'565659819-5','Scienze della vita e biotecnologie'),(2,'653175736-1','Scienze della vita e biotecnologie'),(2,'672217513-8','Scienze della vita e biotecnologie'),(2,'711604128-1','Scienze della vita e biotecnologie'),(2,'756564271-1','Scienze della vita e biotecnologie'),(2,'843331705-9','Scienze della vita e biotecnologie'),(2,'989371762-0','Scienze della vita e biotecnologie'),(3,'068254989-4','Scienze della vita e biotecnologie'),(3,'076691563-8','Scienze della vita e biotecnologie'),(3,'265972215-3','Scienze della vita e biotecnologie'),(3,'351898785-2','Scienze della vita e biotecnologie'),(3,'449571196-2','Scienze della vita e biotecnologie'),(3,'469863297-8','Scienze della vita e biotecnologie'),(3,'601546113-6','Scienze della vita e biotecnologie'),(3,'611928800-7','Scienze della vita e biotecnologie'),(3,'698429931-4','Scienze della vita e biotecnologie'),(3,'740153355-3','Scienze della vita e biotecnologie'),(3,'760264513-8','Scienze della vita e biotecnologie'),(3,'857627191-5','Scienze della vita e biotecnologie'),(3,'867778553-1','Scienze della vita e biotecnologie'),(3,'925812482-0','Scienze della vita e biotecnologie'),(4,'087133062-8','Scienze della vita e biotecnologie'),(4,'131544489-5','Scienze della vita e biotecnologie'),(4,'271280652-2','Scienze della vita e biotecnologie'),(4,'300485539-9','Scienze della vita e biotecnologie'),(4,'356414253-3','Scienze della vita e biotecnologie'),(4,'389625239-9','Scienze della vita e biotecnologie'),(4,'394873350-3','Scienze della vita e biotecnologie'),(4,'404884623-X','Scienze della vita e biotecnologie'),(4,'405663612-5','Scienze della vita e biotecnologie'),(4,'510453377-8','Scienze della vita e biotecnologie'),(4,'756564271-1','Scienze della vita e biotecnologie'),(4,'801081738-4','Scienze della vita e biotecnologie'),(5,'004023598-X','Scienze della vita e biotecnologie'),(5,'131544489-5','Scienze della vita e biotecnologie'),(5,'182342356-6','Scienze della vita e biotecnologie'),(5,'226372696-9','Scienze della vita e biotecnologie'),(5,'296111646-5','Scienze della vita e biotecnologie'),(5,'372098427-3','Scienze della vita e biotecnologie'),(5,'421128511-4','Scienze della vita e biotecnologie'),(5,'657583349-7','Scienze della vita e biotecnologie'),(5,'756564271-1','Scienze della vita e biotecnologie'),(5,'769740772-8','Scienze della vita e biotecnologie'),(5,'872379238-8','Scienze della vita e biotecnologie'),(5,'947990234-6','Scienze della vita e biotecnologie'),(6,'004023598-X','Scienze della vita e biotecnologie'),(6,'184722570-5','Scienze della vita e biotecnologie'),(6,'280992700-6','Scienze della vita e biotecnologie'),(6,'432587582-4','Scienze della vita e biotecnologie'),(6,'517581126-6','Scienze della vita e biotecnologie'),(6,'711604128-1','Scienze della vita e biotecnologie'),(6,'867778553-1','Scienze della vita e biotecnologie'),(7,'000369692-8','Scienze della vita e biotecnologie'),(7,'068254989-4','Scienze della vita e biotecnologie'),(7,'076691563-8','Scienze della vita e biotecnologie'),(7,'253760945-X','Scienze della vita e biotecnologie'),(7,'296111646-5','Scienze della vita e biotecnologie'),(7,'372098427-3','Scienze della vita e biotecnologie'),(7,'501862280-6','Scienze della vita e biotecnologie'),(7,'600597433-5','Scienze della vita e biotecnologie'),(7,'756564271-1','Scienze della vita e biotecnologie'),(7,'843331705-9','Scienze della vita e biotecnologie'),(7,'875127371-3','Scienze della vita e biotecnologie'),(8,'006821799-4','Scienze della vita e biotecnologie'),(8,'170243376-5','Scienze della vita e biotecnologie'),(8,'253760945-X','Scienze della vita e biotecnologie'),(8,'331424241-7','Scienze della vita e biotecnologie'),(8,'346481000-3','Scienze della vita e biotecnologie'),(8,'371268896-2','Scienze della vita e biotecnologie'),(8,'385828979-5','Scienze della vita e biotecnologie'),(8,'387623794-7','Scienze della vita e biotecnologie'),(8,'394873350-3','Scienze della vita e biotecnologie'),(8,'600597433-5','Scienze della vita e biotecnologie'),(8,'663119553-5','Scienze della vita e biotecnologie'),(8,'742437654-3','Scienze della vita e biotecnologie'),(8,'744780754-0','Scienze della vita e biotecnologie'),(8,'769740772-8','Scienze della vita e biotecnologie'),(8,'872379238-8','Scienze della vita e biotecnologie'),(8,'945660604-X','Scienze della vita e biotecnologie'),(8,'992229254-8','Scienze della vita e biotecnologie'),(9,'004023598-X','Scienze della vita e biotecnologie'),(9,'022938411-0','Scienze della vita e biotecnologie'),(9,'076691563-8','Scienze della vita e biotecnologie'),(9,'170243376-5','Scienze della vita e biotecnologie'),(9,'516983356-3','Scienze della vita e biotecnologie'),(9,'740153355-3','Scienze della vita e biotecnologie'),(9,'769740772-8','Scienze della vita e biotecnologie'),(9,'829509196-4','Scienze della vita e biotecnologie'),(9,'925812482-0','Scienze della vita e biotecnologie'),(10,'214940353-6','Scienze della vita e biotecnologie'),(10,'331424241-7','Scienze della vita e biotecnologie'),(10,'368515943-7','Scienze della vita e biotecnologie'),(10,'516983356-3','Scienze della vita e biotecnologie'),(10,'536751983-0','Scienze della vita e biotecnologie'),(10,'672217513-8','Scienze della vita e biotecnologie'),(10,'775940054-3','Scienze della vita e biotecnologie'),(10,'816886703-3','Scienze della vita e biotecnologie'),(11,'000369692-8','Scienze della vita e biotecnologie'),(11,'214940353-6','Scienze della vita e biotecnologie'),(11,'536751983-0','Scienze della vita e biotecnologie'),(11,'554021569-9','Scienze della vita e biotecnologie'),(11,'712463375-3','Scienze della vita e biotecnologie'),(11,'740153355-3','Scienze della vita e biotecnologie'),(11,'756564271-1','Scienze della vita e biotecnologie'),(11,'870560200-9','Scienze della vita e biotecnologie'),(11,'875127371-3','Scienze della vita e biotecnologie'),(12,'214940353-6','Scienze della vita e biotecnologie'),(12,'356414253-3','Scienze della vita e biotecnologie'),(12,'394873350-3','Scienze della vita e biotecnologie'),(12,'536751983-0','Scienze della vita e biotecnologie'),(12,'585173205-9','Scienze della vita e biotecnologie'),(12,'663119553-5','Scienze della vita e biotecnologie'),(12,'857627191-5','Scienze della vita e biotecnologie'),(12,'946684198-X','Scienze della vita e biotecnologie'),(12,'978061177-0','Scienze della vita e biotecnologie'),(13,'175205668-X','Scienze della vita e biotecnologie'),(13,'296111646-5','Scienze della vita e biotecnologie'),(13,'364615054-8','Scienze della vita e biotecnologie'),(13,'560211284-7','Scienze della vita e biotecnologie'),(13,'760264513-8','Scienze della vita e biotecnologie'),(13,'836374770-X','Scienze della vita e biotecnologie'),(14,'331424241-7','Scienze della vita e biotecnologie'),(14,'346481000-3','Scienze della vita e biotecnologie'),(14,'661872594-1','Scienze della vita e biotecnologie'),(14,'733508116-5','Scienze della vita e biotecnologie'),(14,'829509196-4','Scienze della vita e biotecnologie'),(15,'009140312-X','Scienze della vita e biotecnologie'),(15,'192373118-1','Scienze della vita e biotecnologie'),(15,'851106761-2','Scienze della vita e biotecnologie'),(17,'000369692-8','Scienze della vita e biotecnologie'),(17,'192373118-1','Scienze della vita e biotecnologie'),(17,'672217513-8','Scienze della vita e biotecnologie'),(18,'384050463-5','Scienze della vita e biotecnologie'),(18,'657583349-7','Scienze della vita e biotecnologie'),(19,'000369692-8','Scienze della vita e biotecnologie'),(1,'050916783-7','Scienze mediche'),(1,'076691563-8','Scienze mediche'),(1,'101215590-0','Scienze mediche'),(1,'129488690-8','Scienze mediche'),(1,'158999545-7','Scienze mediche'),(1,'171208472-0','Scienze mediche'),(1,'259418123-4','Scienze mediche'),(1,'292051296-X','Scienze mediche'),(1,'351898785-2','Scienze mediche'),(1,'449571196-2','Scienze mediche'),(1,'507124152-8','Scienze mediche'),(1,'560797299-2','Scienze mediche'),(1,'611928800-7','Scienze mediche'),(1,'661872594-1','Scienze mediche'),(1,'672560381-5','Scienze mediche'),(1,'760264513-8','Scienze mediche'),(1,'801081738-4','Scienze mediche'),(1,'825867311-4','Scienze mediche'),(1,'843331705-9','Scienze mediche'),(1,'870560200-9','Scienze mediche'),(1,'927994979-9','Scienze mediche'),(1,'946684198-X','Scienze mediche'),(1,'976860084-5','Scienze mediche'),(2,'009140312-X','Scienze mediche'),(2,'052706515-3','Scienze mediche'),(2,'284203566-6','Scienze mediche'),(2,'300485539-9','Scienze mediche'),(2,'347737564-5','Scienze mediche'),(2,'386397507-3','Scienze mediche'),(2,'526942871-7','Scienze mediche'),(2,'595626866-2','Scienze mediche'),(2,'601546113-6','Scienze mediche'),(2,'657583349-7','Scienze mediche'),(2,'816886703-3','Scienze mediche'),(2,'836374770-X','Scienze mediche'),(2,'945660604-X','Scienze mediche'),(2,'976860084-5','Scienze mediche'),(2,'992229254-8','Scienze mediche'),(2,'998941371-1','Scienze mediche'),(3,'004023598-X','Scienze mediche'),(3,'083845517-4','Scienze mediche'),(3,'171208472-0','Scienze mediche'),(3,'253760945-X','Scienze mediche'),(3,'280992700-6','Scienze mediche'),(3,'394873350-3','Scienze mediche'),(3,'421308038-2','Scienze mediche'),(3,'492112694-1','Scienze mediche'),(3,'517581126-6','Scienze mediche'),(3,'594275024-6','Scienze mediche'),(3,'653175736-1','Scienze mediche'),(3,'712463375-3','Scienze mediche'),(3,'829509196-4','Scienze mediche'),(3,'836374770-X','Scienze mediche'),(3,'870560200-9','Scienze mediche'),(3,'951964371-0','Scienze mediche'),(4,'000369692-8','Scienze mediche'),(4,'068254989-4','Scienze mediche'),(4,'093035174-6','Scienze mediche'),(4,'170243376-5','Scienze mediche'),(4,'331424241-7','Scienze mediche'),(4,'347737564-5','Scienze mediche'),(4,'368968937-6','Scienze mediche'),(4,'421308038-2','Scienze mediche'),(4,'521847642-0','Scienze mediche'),(4,'672217513-8','Scienze mediche'),(4,'742437654-3','Scienze mediche'),(4,'867778553-1','Scienze mediche'),(4,'875127371-3','Scienze mediche'),(4,'998941371-1','Scienze mediche'),(5,'009140312-X','Scienze mediche'),(5,'086031288-7','Scienze mediche'),(5,'101215590-0','Scienze mediche'),(5,'421308038-2','Scienze mediche'),(5,'449571196-2','Scienze mediche'),(5,'560797299-2','Scienze mediche'),(5,'594275024-6','Scienze mediche'),(5,'653073623-9','Scienze mediche'),(5,'775940054-3','Scienze mediche'),(5,'829509196-4','Scienze mediche'),(5,'945660604-X','Scienze mediche'),(6,'068254989-4','Scienze mediche'),(6,'075305079-X','Scienze mediche'),(6,'076691563-8','Scienze mediche'),(6,'087133062-8','Scienze mediche'),(6,'158999545-7','Scienze mediche'),(6,'175205668-X','Scienze mediche'),(6,'222223087-X','Scienze mediche'),(6,'346481000-3','Scienze mediche'),(6,'347737564-5','Scienze mediche'),(6,'356414253-3','Scienze mediche'),(6,'394873350-3','Scienze mediche'),(6,'405663612-5','Scienze mediche'),(6,'492112694-1','Scienze mediche'),(6,'657583349-7','Scienze mediche'),(6,'672560381-5','Scienze mediche'),(6,'756564271-1','Scienze mediche'),(6,'769740772-8','Scienze mediche'),(6,'927994979-9','Scienze mediche'),(7,'023019395-1','Scienze mediche'),(7,'083845517-4','Scienze mediche'),(7,'222223087-X','Scienze mediche'),(7,'292051296-X','Scienze mediche'),(7,'343838580-5','Scienze mediche'),(7,'405663612-5','Scienze mediche'),(7,'421128511-4','Scienze mediche'),(7,'432587582-4','Scienze mediche'),(7,'836374770-X','Scienze mediche'),(7,'857627191-5','Scienze mediche'),(7,'925812482-0','Scienze mediche'),(8,'009140312-X','Scienze mediche'),(8,'076691563-8','Scienze mediche'),(8,'137066182-7','Scienze mediche'),(8,'296111646-5','Scienze mediche'),(8,'347737564-5','Scienze mediche'),(8,'362309208-8','Scienze mediche'),(8,'432587582-4','Scienze mediche'),(8,'536751983-0','Scienze mediche'),(8,'672217513-8','Scienze mediche'),(8,'740153355-3','Scienze mediche'),(8,'951964371-0','Scienze mediche'),(9,'083845517-4','Scienze mediche'),(9,'253760945-X','Scienze mediche'),(9,'372098427-3','Scienze mediche'),(9,'672217513-8','Scienze mediche'),(9,'712463375-3','Scienze mediche'),(9,'768148078-1','Scienze mediche'),(10,'170243376-5','Scienze mediche'),(10,'184722570-5','Scienze mediche'),(10,'259579784-0','Scienze mediche'),(10,'290005808-2','Scienze mediche'),(10,'296111646-5','Scienze mediche'),(10,'362309208-8','Scienze mediche'),(10,'364615054-8','Scienze mediche'),(10,'384050463-5','Scienze mediche'),(10,'421128511-4','Scienze mediche'),(10,'501862280-6','Scienze mediche'),(10,'663119553-5','Scienze mediche'),(10,'769740772-8','Scienze mediche'),(10,'978061177-0','Scienze mediche'),(11,'292051296-X','Scienze mediche'),(11,'457456450-4','Scienze mediche'),(11,'501862280-6','Scienze mediche'),(11,'560211284-7','Scienze mediche'),(11,'594275024-6','Scienze mediche'),(11,'733508116-5','Scienze mediche'),(11,'775940054-3','Scienze mediche'),(11,'801081738-4','Scienze mediche'),(11,'946684198-X','Scienze mediche'),(12,'136964378-0','Scienze mediche'),(12,'296111646-5','Scienze mediche'),(12,'368968937-6','Scienze mediche'),(12,'507124152-8','Scienze mediche'),(12,'554021569-9','Scienze mediche'),(12,'607745120-7','Scienze mediche'),(12,'661872594-1','Scienze mediche'),(12,'712463375-3','Scienze mediche'),(12,'733508116-5','Scienze mediche'),(12,'951964371-0','Scienze mediche'),(13,'076691563-8','Scienze mediche'),(13,'661872594-1','Scienze mediche'),(13,'829509196-4','Scienze mediche'),(13,'946684198-X','Scienze mediche'),(13,'951964371-0','Scienze mediche'),(14,'137066182-7','Scienze mediche'),(14,'192373118-1','Scienze mediche'),(14,'607745120-7','Scienze mediche'),(15,'136964378-0','Scienze mediche'),(15,'284203566-6','Scienze mediche'),(15,'661872594-1','Scienze mediche'),(16,'560211284-7','Scienze mediche'),(16,'927994979-9','Scienze mediche'),(17,'372098427-3','Scienze mediche'),(17,'657583349-7','Scienze mediche'),(17,'829509196-4','Scienze mediche'),(17,'978061177-0','Scienze mediche'),(18,'136320382-7','Scienze mediche'),(18,'661872594-1','Scienze mediche'),(1,'006821799-4','Studi umanistici'),(1,'015674765-0','Studi umanistici'),(1,'075305079-X','Studi umanistici'),(1,'264788349-1','Studi umanistici'),(1,'299282269-8','Studi umanistici'),(1,'301170811-8','Studi umanistici'),(1,'391578830-9','Studi umanistici'),(1,'421128511-4','Studi umanistici'),(1,'432587582-4','Studi umanistici'),(1,'502714957-3','Studi umanistici'),(1,'517581126-6','Studi umanistici'),(1,'542931356-4','Studi umanistici'),(1,'595626866-2','Studi umanistici'),(1,'733508116-5','Studi umanistici'),(1,'775940054-3','Studi umanistici'),(1,'814543114-X','Studi umanistici'),(1,'816886703-3','Studi umanistici'),(1,'829509196-4','Studi umanistici'),(1,'860964250-X','Studi umanistici'),(1,'872379238-8','Studi umanistici'),(1,'887526619-0','Studi umanistici'),(1,'966859767-2','Studi umanistici'),(1,'970334328-7','Studi umanistici'),(1,'992229254-8','Studi umanistici'),(2,'076691563-8','Studi umanistici'),(2,'085745713-6','Studi umanistici'),(2,'222223087-X','Studi umanistici'),(2,'259418123-4','Studi umanistici'),(2,'366292343-2','Studi umanistici'),(2,'368515943-7','Studi umanistici'),(2,'368968937-6','Studi umanistici'),(2,'391578830-9','Studi umanistici'),(2,'421308038-2','Studi umanistici'),(2,'432587582-4','Studi umanistici'),(2,'509808775-9','Studi umanistici'),(2,'517581126-6','Studi umanistici'),(2,'542931356-4','Studi umanistici'),(2,'594275024-6','Studi umanistici'),(2,'672560381-5','Studi umanistici'),(2,'768148078-1','Studi umanistici'),(2,'775940054-3','Studi umanistici'),(2,'887526619-0','Studi umanistici'),(3,'050916783-7','Studi umanistici'),(3,'131544489-5','Studi umanistici'),(3,'175205668-X','Studi umanistici'),(3,'184722570-5','Studi umanistici'),(3,'190222315-2','Studi umanistici'),(3,'300485539-9','Studi umanistici'),(3,'346481000-3','Studi umanistici'),(3,'347737564-5','Studi umanistici'),(3,'391578830-9','Studi umanistici'),(3,'421128511-4','Studi umanistici'),(3,'436501926-0','Studi umanistici'),(3,'542931356-4','Studi umanistici'),(3,'768148078-1','Studi umanistici'),(3,'816886703-3','Studi umanistici'),(4,'469863297-8','Studi umanistici'),(4,'516983356-3','Studi umanistici'),(4,'542931356-4','Studi umanistici'),(4,'601546113-6','Studi umanistici'),(4,'611928800-7','Studi umanistici'),(4,'661872594-1','Studi umanistici'),(4,'768148078-1','Studi umanistici'),(4,'786395256-5','Studi umanistici'),(4,'851106761-2','Studi umanistici'),(4,'945660604-X','Studi umanistici'),(5,'060088686-7','Studi umanistici'),(5,'194862546-6','Studi umanistici'),(5,'264788349-1','Studi umanistici'),(5,'265972215-3','Studi umanistici'),(5,'425111017-X','Studi umanistici'),(5,'536751983-0','Studi umanistici'),(5,'542931356-4','Studi umanistici'),(5,'607745120-7','Studi umanistici'),(5,'671158165-2','Studi umanistici'),(5,'672217513-8','Studi umanistici'),(5,'860964250-X','Studi umanistici'),(6,'265972215-3','Studi umanistici'),(6,'331424241-7','Studi umanistici'),(6,'368968937-6','Studi umanistici'),(6,'860964250-X','Studi umanistici'),(6,'947990234-6','Studi umanistici'),(6,'992229254-8','Studi umanistici'),(7,'009140312-X','Studi umanistici'),(7,'136964378-0','Studi umanistici'),(7,'175205668-X','Studi umanistici'),(7,'347737564-5','Studi umanistici'),(7,'364615054-8','Studi umanistici'),(7,'368968937-6','Studi umanistici'),(7,'369048652-1','Studi umanistici'),(7,'607745120-7','Studi umanistici'),(7,'663119553-5','Studi umanistici'),(7,'769740772-8','Studi umanistici'),(7,'775940054-3','Studi umanistici'),(7,'951964371-0','Studi umanistici'),(8,'131544489-5','Studi umanistici'),(8,'421308038-2','Studi umanistici'),(8,'469785019-X','Studi umanistici'),(8,'554021569-9','Studi umanistici'),(8,'560797299-2','Studi umanistici'),(8,'607745120-7','Studi umanistici'),(8,'712463375-3','Studi umanistici'),(8,'760264513-8','Studi umanistici'),(8,'801081738-4','Studi umanistici'),(9,'343838580-5','Studi umanistici'),(9,'347737564-5','Studi umanistici'),(9,'421128511-4','Studi umanistici'),(9,'509808775-9','Studi umanistici'),(9,'521329516-9','Studi umanistici'),(9,'526942871-7','Studi umanistici'),(9,'661872594-1','Studi umanistici'),(9,'742437654-3','Studi umanistici'),(9,'760264513-8','Studi umanistici'),(9,'966859767-2','Studi umanistici'),(10,'015674765-0','Studi umanistici'),(10,'192373118-1','Studi umanistici'),(10,'265972215-3','Studi umanistici'),(10,'292051296-X','Studi umanistici'),(10,'356414253-3','Studi umanistici'),(10,'457456450-4','Studi umanistici'),(10,'509808775-9','Studi umanistici'),(10,'554021569-9','Studi umanistici'),(10,'585173205-9','Studi umanistici'),(10,'801081738-4','Studi umanistici'),(10,'872379238-8','Studi umanistici'),(11,'068254989-4','Studi umanistici'),(11,'136320382-7','Studi umanistici'),(11,'290005808-2','Studi umanistici'),(11,'346481000-3','Studi umanistici'),(11,'385828979-5','Studi umanistici'),(11,'394873350-3','Studi umanistici'),(11,'421308038-2','Studi umanistici'),(11,'661872594-1','Studi umanistici'),(11,'816886703-3','Studi umanistici'),(11,'829509196-4','Studi umanistici'),(11,'836374770-X','Studi umanistici'),(12,'015674765-0','Studi umanistici'),(12,'526942871-7','Studi umanistici'),(12,'560211284-7','Studi umanistici'),(12,'672217513-8','Studi umanistici'),(12,'740153355-3','Studi umanistici'),(13,'136320382-7','Studi umanistici'),(13,'421308038-2','Studi umanistici'),(13,'594275024-6','Studi umanistici'),(13,'672217513-8','Studi umanistici'),(14,'222223087-X','Studi umanistici'),(14,'554021569-9','Studi umanistici'),(14,'712463375-3','Studi umanistici'),(14,'927994979-9','Studi umanistici'),(15,'015674765-0','Studi umanistici'),(15,'226372696-9','Studi umanistici'),(15,'760264513-8','Studi umanistici'),(15,'927994979-9','Studi umanistici'),(16,'170243376-5','Studi umanistici'),(16,'740153355-3','Studi umanistici'),(16,'829509196-4','Studi umanistici'),(17,'022938411-0','Studi umanistici'),(18,'192373118-1','Studi umanistici'),(18,'292051296-X','Studi umanistici'),(18,'372098427-3','Studi umanistici');
/*!40000 ALTER TABLE `COPIA` ENABLE KEYS */;
UNLOCK TABLES;

--
-- Table structure for table `DIPARTIMENTO`
--

DROP TABLE IF EXISTS `DIPARTIMENTO`;
/*!40101 SET @saved_cs_client     = @@character_set_client */;
/*!40101 SET character_set_client = utf8 */;
CREATE TABLE `DIPARTIMENTO` (
  `NOME_DIP` varchar(50) NOT NULL,
  `VIA` varchar(30) DEFAULT NULL,
  `CIVICO` varchar(4) DEFAULT NULL,
  `CAP` char(5) DEFAULT NULL,
  `CITTA` varchar(10) DEFAULT NULL,
  PRIMARY KEY (`NOME_DIP`)
) ENGINE=InnoDB DEFAULT CHARSET=latin1;
/*!40101 SET character_set_client = @saved_cs_client */;

--
-- Dumping data for table `DIPARTIMENTO`
--

LOCK TABLES `DIPARTIMENTO` WRITE;
/*!40000 ALTER TABLE `DIPARTIMENTO` DISABLE KEYS */;
INSERT INTO `DIPARTIMENTO` VALUES ('Architettura','Via Giara','36','44121','Ferrara'),('Economia e management','Via Voltapaletto','11','44121','Ferrara'),('Fisica e Scienze della Terra','Via Saragat','1','44122','Ferrara'),('Giurisprudenza','Corso Ercole I d\'Este','37','44121','Ferrara'),('Ingegneria','Via Saragat','1','44122','Ferrara'),('Matematica e Informatica','Via Macchiavelli','30','44121','Ferrara'),('Morfologia, chirurgia e medicina sperimentale','Via Luigi Borsari','46','44121','Ferrara'),('Scienze biomediche e chirurgico specialistiche','Via Luigi Borsari','46','44121','Ferrara'),('Scienze chimiche e farmaceutiche','Via Luigi Borsari','46','44121','Ferrara'),('Scienze della vita e biotecnologie','Via Luigi Borsari','46','44121','Ferrara'),('Scienze mediche','Via Fossato di Mortara','64/B','44121','Ferrara'),('Studi umanistici','Via LParadiso','12','44121','Ferrara');
/*!40000 ALTER TABLE `DIPARTIMENTO` ENABLE KEYS */;
UNLOCK TABLES;

--
-- Table structure for table `EDITORE`
--

DROP TABLE IF EXISTS `EDITORE`;
/*!40101 SET @saved_cs_client     = @@character_set_client */;
/*!40101 SET character_set_client = utf8 */;
CREATE TABLE `EDITORE` (
  `CODICE` int(11) NOT NULL,
  `NOME_ED` varchar(20) NOT NULL,
  `TELEFONO` varchar(15) DEFAULT NULL,
  `VIA` varchar(30) DEFAULT NULL,
  `CIVICO` varchar(4) DEFAULT NULL,
  `CAP` varchar(5) DEFAULT NULL,
  `CITTA` varchar(10) DEFAULT NULL,
  PRIMARY KEY (`CODICE`),
  UNIQUE KEY `NOME_ED` (`NOME_ED`)
) ENGINE=InnoDB DEFAULT CHARSET=latin1;
/*!40101 SET character_set_client = @saved_cs_client */;

--
-- Dumping data for table `EDITORE`
--

LOCK TABLES `EDITORE` WRITE;
/*!40000 ALTER TABLE `EDITORE` DISABLE KEYS */;
INSERT INTO `EDITORE` VALUES (1,'Apogeo','02-3596681','Via Andegari','6','20121','Milano'),(2,'Pearson Italia','011-75021510','Corso Trapani','16','10139','Torino'),(3,'Tecniche Nuove','02-390901','Via Eritrea','21','20157','Milano'),(4,'Packt Publishing','903-259-1261','Tennessee Circle','4','89654','Boston'),(5,'Addison-Wesley','638-435-4004','Coolidge Junction','12','7030','Oboken'),(6,'Pst Edizioni','02-546722','Via degli Editori Riuniti','8','20157','Milano'),(7,'Dunning Editions','16-339-1269','Dunning Drive','988','23445','Lawrance'),(8,'Europa Edizioni','02-835610','Via degli Editori Riuniti','34','20157','Milano'),(9,'Plaza Publicacions','03-567234','Strada Grande','944','2264','Madrid'),(10,'Meaning','309-306-5066','Lakewood Gardens Place','8734','28063','New York');
/*!40000 ALTER TABLE `EDITORE` ENABLE KEYS */;
UNLOCK TABLES;

--
-- Table structure for table `LIBRO`
--

DROP TABLE IF EXISTS `LIBRO`;
/*!40101 SET @saved_cs_client     = @@character_set_client */;
/*!40101 SET character_set_client = utf8 */;
CREATE TABLE `LIBRO` (
  `ISBN` char(11) NOT NULL,
  `TITOLO` varchar(100) NOT NULL,
  `ANNO_PUBBL` int(11) DEFAULT NULL,
  `COD_ED` int(11) NOT NULL,
  `NOME_LINGUA` varchar(30) NOT NULL,
  PRIMARY KEY (`ISBN`),
  UNIQUE KEY `TITOLO` (`TITOLO`),
  KEY `COD_ED` (`COD_ED`),
  KEY `NOME_LINGUA` (`NOME_LINGUA`),
  CONSTRAINT `libro_ibfk_1` FOREIGN KEY (`COD_ED`) REFERENCES `EDITORE` (`CODICE`) ON UPDATE CASCADE,
  CONSTRAINT `libro_ibfk_2` FOREIGN KEY (`NOME_LINGUA`) REFERENCES `LINGUA` (`NOME_LINGUA`) ON UPDATE CASCADE
) ENGINE=InnoDB DEFAULT CHARSET=latin1;
/*!40101 SET character_set_client = @saved_cs_client */;

--
-- Dumping data for table `LIBRO`
--

LOCK TABLES `LIBRO` WRITE;
/*!40000 ALTER TABLE `LIBRO` DISABLE KEYS */;
INSERT INTO `LIBRO` VALUES ('000369692-8','Thief of Hearts',2016,10,'English'),('004023598-X','Gingerbread Man The',2012,4,'Dari'),('006821799-4','Counterfeiters The (Die Flscher)',2018,9,'Estonian'),('009047587-9','Life of Another The (La vie d une autre)',2015,5,'English'),('009140312-X','Death Defying Acts',2017,3,'Dhivehi'),('014330257-4','Longest Yard The',2010,6,'Georgian'),('015674765-0','Children Are Watching Us The (Bambini ci guardano I)',2018,4,'English'),('022938411-0','Almanya - Welcome to Germany (Almanya - Willkommen in Deutschland)',2014,7,'Guaran'),('023019395-1','Heroine',2013,7,'Dzongkha'),('050916783-7','Inspectors The',2017,3,'Catalan'),('052706515-3','Dead Man Walking',2011,8,'English'),('055417113-9','Private Detective 62',2017,9,'English'),('060088686-7','Mondays in the Sun (Lunes al sol Los)',2019,9,'English'),('065646345-7','Phil Spector',2020,3,'Irish Gaelic'),('068254989-4','Human Failure (Menschliches Versagen)',2014,8,'English'),('075305079-X','Attack of the 50 Foot Woman',2010,2,'Danish'),('076691563-8','Bed & Breakfast Love is a Happy Accident (Bed & Breakfast)',2018,3,'Dari'),('083845517-4','Memory',2014,5,'Punjabi'),('085745713-6','Suit for Wedding A (aka The Wedding Suit) (Lebassi Baraye Arossi)',2020,7,'English'),('086031288-7','Stingray Sam',2019,9,'Polish'),('087133062-8','Come Blow Your Horn',2013,6,'English'),('093035174-6','Doc Savage The Man of Bronze',2015,3,'English'),('101215590-0','Cars',2012,8,'English'),('103300276-3','Sound of Music The',2019,4,'Khmer'),('129488690-8','Family Tree',2017,3,'English'),('131544489-5','Addams Family The',2019,4,'English'),('132261731-7','The Dark Horse',2018,3,'Guaran'),('136320382-7','Mon oncle d Amrique',2017,6,'English'),('136964378-0','Maniac',2013,5,'English'),('137066182-7','Gone Fishin ',2012,1,'Georgian'),('147191251-5','You Only Live Once',2018,4,'Dari'),('158999545-7','Rains of Ranchipur The',2012,6,'English'),('165632171-8','Paradise Lost 2 Revelations',2010,2,'Italian'),('167947701-3','Saboteur',2014,1,'English'),('168316748-1','Carbon Nation',2012,7,'Portuguese'),('170243376-5','Buddy',2015,10,'English'),('171208472-0','The Fourth War',2020,4,'English'),('175205668-X','Gasoline (Benzina)',2019,1,'English'),('179592990-1','Day of the Triffids The',2011,8,'English'),('182342356-6','Meet Joe Black',2011,4,'Japanese'),('184722570-5','Ironclad',2011,9,'Kashmiri'),('190222315-2','Salvage',2014,9,'Belarusian'),('192373118-1','No Distance Left to Run',2019,6,'English'),('194862546-6','Dakota Skye',2011,4,'English'),('214940353-6','Tenchi The Samurai Astronomer',2018,3,'English'),('216013488-0','Enemy',2012,2,'Arabic'),('222223087-X','Concrete Night (Betoniy)',2010,5,'Irish Gaelic'),('226372696-9','State of Siege (tat de sige)',2013,1,'Hindi'),('253760945-X','Red White & Blue',2016,4,'English'),('255439894-1','Pitch Black',2015,6,'English'),('256739345-5','High Spirits',2016,8,'Swedish'),('259418123-4','Inhale',2011,9,'English'),('259579784-0','Waydowntown',2018,7,'English'),('264788349-1','In the Park',2018,9,'Haitian Creole'),('265972215-3','Animal House',2017,8,'English'),('271280652-2','Shuttle',2017,4,'English'),('280992700-6','Young Cassidy',2018,4,'German'),('284203566-6','Trial',2013,5,'Korean'),('290005808-2','World of Kanako The (Kawaki)',2020,4,'Lao'),('292051296-X','Purple Rose of Cairo The',2013,3,'Guaran'),('296111646-5','Golem',2019,3,'Japanese'),('299282269-8','Scenic Route',2015,5,'English'),('300485539-9','Wild River',2012,10,'Dzongkha'),('301170811-8','Such Is Life (As es la vida)',2019,3,'English'),('331424241-7','PHP 7 development',2015,3,'Italian'),('333748888-9','History Boys The',2017,2,'Catalan'),('343838580-5','Jubilee',2015,5,'English'),('346481000-3','South of Heaven West of Hell',2015,9,'English'),('347737564-5','Last Ride',2019,6,'Haitian Creole'),('351898785-2','Boys from Fengkuei The (Feng gui lai de ren)',2016,10,'Portuguese'),('356414253-3','Elizabeth',2012,10,'English'),('362309208-8','Nicholas on Holiday',2018,4,'English'),('364615054-8','Human-computer interaction',2017,2,'English'),('366292343-2','Boys of St Vincent The',2013,1,'English'),('368515943-7','Love s Labour s Lost',2011,9,'Czech'),('368968937-6','Secret Garden The',2014,4,'English'),('368990830-2','Andrei Rublev (Andrey Rublyov)',2017,1,'English'),('369048652-1','Oliver Twist',2020,1,'Guaran'),('371268896-2','19th Wife The',2016,5,'Belarusian'),('372098427-3','Sergeant Rutledge',2011,9,'Arabic'),('376459959-6','Svidd Neger',2018,2,'English'),('384050463-5','Ninotchka',2017,8,'Quechua'),('385828979-5','Deep Impact',2019,8,'Bengali'),('386397507-3','Gunfighter The',2013,1,'Albanian'),('387623794-7','Get Smart',2010,2,'English'),('389625239-9','Get Bruce',2020,7,'Hebrew'),('391578830-9','Flight of the Living Dead',2014,8,'Kazakh'),('394873350-3','Family Life',2014,3,'English'),('404884623-X','Altman',2010,4,'Czech'),('405663612-5','Open Windows',2015,2,'English'),('421128511-4','Life is to Whistle (Vida es silbar La)',2012,7,'English'),('421308038-2','LA Without a Map',2014,1,'English'),('425111017-X','Key Largo',2019,8,'Estonian'),('432587582-4','Rebecca',2015,5,'Swedish'),('435456826-8','Lavender Hill Mob The',2016,9,'English'),('436501926-0','Great Expectations',2013,1,'Catalan'),('441842932-8','Luna de Avellaneda',2018,5,'Guaran'),('449571196-2','Black Windmill The',2013,6,'English'),('457456450-4','Beefcake',2016,1,'Aymara'),('469785019-X','Wave The (Welle Die)',2014,6,'English'),('469863297-8','Raisin in the Sun A',2015,5,'Punjabi'),('492112694-1','Closure',2018,6,'English'),('501862280-6','Redemption The Stan Tookie Williams Story',2011,9,'Finnish'),('502714957-3','Revenge of the Nerds',2019,5,'Japanese'),('507124152-8','Diplomacy (Diplomatie)',2019,2,'French'),('509808775-9','Vehicle 19',2013,2,'English'),('510453377-8','Streetcar Named Desire A',2013,5,'English'),('515279116-1','The Frame',2010,9,'English'),('516983356-3','Big Squeeze The',2014,10,'English'),('517581126-6','Carmen Comes Home (Karumen kokyo ni kaeru)',2020,2,'Hindi'),('521329516-9','Gnral Idi Amin Dada A Self Portrait (Gnral Idi Amin Dada Autoportrait)',2015,9,'English'),('521847642-0','Holy Flying Circus',2016,9,'English'),('526942871-7','Agent Vinod',2017,4,'Catalan'),('536751983-0','Slaves to the Underground',2014,1,'French'),('542931356-4','From the Life of the Marionettes (Aus dem Leben der Marionetten) ',2015,5,'Italian'),('554021569-9','Renaissance',2018,7,'English'),('560211284-7','Tyler Perry s I Can Do Bad All by Myself',2018,7,'Italian'),('560797299-2','Arthur and the Revenge of Maltazard (Arthur et la vengeance de Maltazard)',2017,1,'English'),('565659819-5','Strangers on a Train',2014,1,'Dutch'),('584224789-5','Teaching Mrs Tingle',2020,10,'English'),('585173205-9','Battle Royale 2 Requiem (Batoru rowaiaru II Chinkonka)',2018,2,'English'),('594275024-6','Memory Keeper s Daughter The',2012,5,'English'),('595626866-2','Rollerball',2014,7,'Hungarian'),('600597433-5','Wall Street',2020,7,'English'),('601546113-6','1208 East of Bucharest (A fost sau n-a fost?)',2011,9,'Gujarati'),('607745120-7','HTM & CSS',2018,1,'Italian'),('611928800-7','Cyrano de Bergerac',2017,7,'Korean'),('653073623-9','Act Da Fool',2020,9,'English'),('653175736-1','Happy People A Year in the Taiga',2012,8,'Swedish'),('657583349-7','Knack and How to Get It The',2015,1,'English'),('660038142-6','Stonewall',2016,2,'Icelandic'),('661872594-1','Woman on the Beach (Haebyeonui yeoin)',2020,3,'English'),('663119553-5','Deadline',2015,7,'Spanish'),('666013383-6','Lost City The',2014,10,'English'),('671158165-2','Nick and Norah s Infinite Playlist',2019,6,'Czech'),('672217513-8','Heaven s Prisoners',2014,10,'Bengali'),('672560381-5','Day the Universe Changed The',2018,4,'Northern Sotho'),('698429931-4','Lone Ranger The',2011,3,'Icelandic'),('711604128-1','Crocodile Hunter Collision Course The',2014,10,'English'),('712463375-3','Fear',2012,1,'English'),('733508116-5','Angels  Share The',2017,9,'English'),('740153355-3','Fundamentals of Database Systems',2019,2,'Italian'),('742437654-3','Under the Bridges (Unter den Brcken)',2016,9,'Swedish'),('744780754-0','Times Square',2020,7,'English'),('752213396-3','Brides (Nyfes)',2012,6,'Georgian'),('756564271-1','Little Children',2014,10,'English'),('760264513-8','Story of My Life The (Mensonges et trahisons et plus si affinits)',2012,8,'English'),('768148078-1','Kleines Arschloch - Der Film',2017,7,'Korean'),('769740772-8','Hollywood Party',2018,7,'English'),('775940054-3','I m Reed Fish',2017,10,'Kashmiri'),('786395256-5','Dragon Ball Z Bio-Broly (Doragon bru Z 11 Sp senshi gekiha! Katsu no wa ore da)',2019,7,'English'),('801081738-4','Murder by Proxy How America Went Postal',2019,7,'English'),('814543114-X','Ingeborg Holm',2013,3,'English'),('816886703-3','Split Second',2012,4,'Italian'),('825867311-4','Kairat',2013,2,'Hiri Motu'),('829509196-4','Shaka Zulu The Citadel',2014,10,'Swedish'),('829914597-X','Project X',2019,9,'English'),('836374770-X','Wolf Man The',2013,8,'Indonesian'),('843331705-9','Avengers The',2012,1,'Bengali'),('851106761-2','Chronicle of a Summer (Chronique d un t)',2019,3,'Italian'),('857627191-5','Larceny Inc',2012,9,'English'),('860964250-X','Iron Horse The',2013,10,'Japanese'),('863050834-5','Richard III',2019,8,'Chinese'),('867778553-1','Hot Fuzz',2012,2,'Polish'),('870560200-9','Eight Crazy Nights (Adam Sandler s Eight Crazy Nights)',2018,1,'English'),('872379238-8','From Above',2018,1,'English'),('875127371-3','Million Ways to Die in the West A',2014,10,'Norwegian'),('887526619-0','Thieves The (Dodookdeul)',2011,6,'Romanian'),('925812482-0','Kumail Nanjiani Beta Male ',2010,2,'German'),('927994979-9','Missionary Man',2017,8,'Dhivehi'),('945660604-X','Cassandra Crossing The',2016,10,'Arabic'),('946684198-X','Absolute Power',2016,1,'Czech'),('947990234-6','Peculiarities of the National Hunt (Osobennosti natsionalnoy okhoty) ',2019,2,'English'),('951964371-0','Iron Mask The',2014,2,'Bengali'),('966859767-2','Sting II The',2020,9,'English'),('970334328-7','Forbidden Christ The (Cristo proibito Il)',2019,9,'Danish'),('976860084-5','Krrish',2016,8,'English'),('978061177-0','Kirikou and the Wild Beast (Kirikou et les btes sauvages)',2010,7,'Khmer'),('989371762-0','Convoy',2015,6,'German'),('992229254-8','And Nobody Weeps for Me (Und keiner weint mir nach)',2017,4,'Italian'),('998941371-1','Stupid Boy (Garon stupide)',2013,5,'Italian');
/*!40000 ALTER TABLE `LIBRO` ENABLE KEYS */;
UNLOCK TABLES;

--
-- Table structure for table `LINGUA`
--

DROP TABLE IF EXISTS `LINGUA`;
/*!40101 SET @saved_cs_client     = @@character_set_client */;
/*!40101 SET character_set_client = utf8 */;
CREATE TABLE `LINGUA` (
  `NOME_LINGUA` varchar(30) NOT NULL,
  PRIMARY KEY (`NOME_LINGUA`)
) ENGINE=InnoDB DEFAULT CHARSET=latin1;
/*!40101 SET character_set_client = @saved_cs_client */;

--
-- Dumping data for table `LINGUA`
--

LOCK TABLES `LINGUA` WRITE;
/*!40000 ALTER TABLE `LINGUA` DISABLE KEYS */;
INSERT INTO `LINGUA` VALUES ('Albanian'),('Arabic'),('Aymara'),('Belarusian'),('Bengali'),('Catalan'),('Chinese'),('Czech'),('Danish'),('Dari'),('Dhivehi'),('Dutch'),('Dzongkha'),('English'),('Estonian'),('Finnish'),('French'),('Georgian'),('German'),('Guaran'),('Gujarati'),('Haitian Creole'),('Hebrew'),('Hindi'),('Hiri Motu'),('Hungarian'),('Icelandic'),('Indonesian'),('Irish Gaelic'),('Italian'),('Japanese'),('Kashmiri'),('Kazakh'),('Khmer'),('Korean'),('Lao'),('Northern Sotho'),('Norwegian'),('Polish'),('Portuguese'),('Punjabi'),('Quechua'),('Romanian'),('Spanish'),('Swedish');
/*!40000 ALTER TABLE `LINGUA` ENABLE KEYS */;
UNLOCK TABLES;

--
-- Table structure for table `PRESTITO`
--

DROP TABLE IF EXISTS `PRESTITO`;
/*!40101 SET @saved_cs_client     = @@character_set_client */;
/*!40101 SET character_set_client = utf8 */;
CREATE TABLE `PRESTITO` (
  `ISBN` char(11) NOT NULL,
  `NUMERO_COPIA` int(11) NOT NULL,
  `MATRICOLA` char(10) NOT NULL,
  `DATA_USCITA` date NOT NULL,
  `N_PROROGHE` int(11) NOT NULL,
  PRIMARY KEY (`MATRICOLA`,`ISBN`,`NUMERO_COPIA`),
  KEY `ISBN` (`ISBN`),
  KEY `NUMERO_COPIA` (`NUMERO_COPIA`),
  CONSTRAINT `prestito_ibfk_1` FOREIGN KEY (`ISBN`) REFERENCES `LIBRO` (`ISBN`),
  CONSTRAINT `prestito_ibfk_2` FOREIGN KEY (`MATRICOLA`) REFERENCES `STUDENTE` (`MATRICOLA`) ON UPDATE CASCADE,
  CONSTRAINT `prestito_ibfk_3` FOREIGN KEY (`NUMERO_COPIA`) REFERENCES `COPIA` (`NUMERO_COPIA`) ON UPDATE CASCADE
) ENGINE=InnoDB DEFAULT CHARSET=latin1;
/*!40101 SET character_set_client = @saved_cs_client */;

--
-- Dumping data for table `PRESTITO`
--

LOCK TABLES `PRESTITO` WRITE;
/*!40000 ALTER TABLE `PRESTITO` DISABLE KEYS */;
INSERT INTO `PRESTITO` VALUES ('131544489-5',3,'0000100001','2020-04-30',0),('346481000-3',6,'0000100001','2020-04-30',0),('875127371-3',14,'0000100001','2020-04-30',0),('259579784-0',13,'0000100002','2020-06-13',0),('672217513-8',15,'0000100002','2020-06-13',0),('744780754-0',10,'0000100002','2020-06-13',0),('756564271-1',9,'0000100002','2020-06-13',0),('421308038-2',2,'0000100003','2020-07-05',0),('526942871-7',9,'0000100003','2020-07-03',0),('857627191-5',12,'0000100003','2020-06-27',0),('014330257-4',8,'0000100004','2020-07-05',0),('065646345-7',2,'0000100004','2020-06-30',0),('147191251-5',6,'0000100004','2020-07-03',0),('280992700-6',8,'0000100004','2020-06-26',0),('296111646-5',9,'0000100004','2020-06-29',0),('371268896-2',4,'0000100004','2020-06-30',0),('404884623-X',2,'0000100004','2020-06-28',0),('421128511-4',10,'0000100004','2020-06-27',0),('836374770-X',12,'0000100004','2020-07-01',0),('927994979-9',7,'0000100004','2020-07-02',0),('147191251-5',5,'0000100005','2020-06-28',0),('672560381-5',6,'0000100005','2020-06-25',0),('192373118-1',18,'0000100006','2020-07-04',0),('343838580-5',6,'0000100006','2020-06-25',0),('369048652-1',9,'0000100006','2020-06-29',0),('436501926-0',2,'0000100006','2020-07-05',0),('502714957-3',1,'0000100006','2020-07-05',0),('554021569-9',17,'0000100006','2020-07-06',0),('998941371-1',4,'0000100006','2020-07-06',0),('492112694-1',5,'0000100007','2020-07-06',0),('343838580-5',2,'0000100008','2020-07-06',0),('366292343-2',1,'0000100008','2020-06-30',0),('384050463-5',15,'0000100008','2020-06-29',0),('769740772-8',11,'0000100008','2020-06-29',0),('085745713-6',1,'0000100009','2020-06-28',0),('076691563-8',15,'0000100010','2020-06-28',0),('607745120-7',7,'0000100010','2020-07-03',0),('711604128-1',3,'0000100010','2020-07-04',0),('331424241-7',14,'0000100011','2020-06-30',0),('343838580-5',4,'0000100011','2020-07-05',0),('368515943-7',8,'0000100011','2020-07-04',0),('369048652-1',4,'0000100012','2020-07-02',0),('712463375-3',10,'0000100012','2020-07-04',0),('769740772-8',10,'0000100012','2020-07-06',0),('875127371-3',18,'0000100012','2020-07-01',0),('015674765-0',2,'0000100013','2020-07-01',0),('147191251-5',4,'0000100013','2020-06-28',0),('168316748-1',5,'0000100013','2020-07-03',0),('253760945-X',4,'0000100013','2020-07-06',0),('356414253-3',4,'0000100013','2020-07-02',0),('015674765-0',3,'0000100014','2020-07-01',0),('190222315-2',2,'0000100014','2020-06-27',0),('265972215-3',10,'0000100014','2020-06-30',0),('346481000-3',5,'0000100014','2020-07-02',0),('394873350-3',8,'0000100014','2020-07-03',0),('742437654-3',4,'0000100014','2020-07-02',0),('825867311-4',8,'0000100014','2020-06-27',0),('014330257-4',3,'0000100015','2020-07-05',0),('052706515-3',2,'0000100015','2020-06-30',0),('165632171-8',3,'0000100015','2020-07-04',0),('425111017-X',3,'0000100015','2020-07-01',0),('501862280-6',11,'0000100015','2020-06-30',0),('521847642-0',13,'0000100015','2020-07-02',0),('015674765-0',8,'0000100016','2020-06-26',0),('331424241-7',10,'0000100016','2020-06-28',0),('457456450-4',10,'0000100016','2020-07-04',0),('006821799-4',8,'0000100017','2020-07-01',0),('065646345-7',4,'0000100017','2020-06-29',0),('292051296-X',14,'0000100017','2020-07-03',0),('384050463-5',18,'0000100017','2020-06-27',0),('672560381-5',8,'0000100017','2020-07-06',0),('742437654-3',10,'0000100017','2020-06-25',0),('836374770-X',8,'0000100017','2020-06-30',0),('978061177-0',2,'0000100017','2020-06-28',0),('158999545-7',4,'0000100018','2020-07-02',0),('521847642-0',9,'0000100018','2020-07-01',0),('816886703-3',3,'0000100018','2020-06-30',0),('829509196-4',4,'0000100018','2020-06-26',0),('022938411-0',11,'0000100019','2020-07-04',0),('364615054-8',4,'0000100019','2020-07-04',0),('469863297-8',4,'0000100019','2020-07-01',0),('526942871-7',10,'0000100019','2020-07-03',0),('843331705-9',11,'0000100019','2020-07-04',0),('006821799-4',3,'0000100020','2020-07-06',0),('346481000-3',1,'0000100020','2020-06-29',0),('372098427-3',15,'0000100020','2020-06-28',0),('601546113-6',4,'0000100020','2020-06-27',0),('607745120-7',14,'0000100020','2020-07-04',0),('253760945-X',6,'0000100021','2020-07-06',0),('259579784-0',6,'0000100021','2020-07-02',0),('372098427-3',10,'0000100021','2020-06-29',0),('657583349-7',2,'0000100021','2020-07-02',0),('000369692-8',15,'0000100022','2020-06-28',0),('009047587-9',1,'0000100022','2020-07-02',0),('526942871-7',3,'0000100022','2020-06-29',0),('711604128-1',7,'0000100022','2020-07-02',0),('103300276-3',4,'0000100023','2020-07-05',0),('368968937-6',10,'0000100023','2020-07-05',0),('594275024-6',6,'0000100023','2020-06-26',0),('607745120-7',1,'0000100023','2020-07-01',0),('863050834-5',5,'0000100023','2020-06-29',0),('136320382-7',18,'0000100024','2020-06-27',0),('284203566-6',1,'0000100024','2020-06-26',0),('509808775-9',8,'0000100024','2020-06-28',0),('585173205-9',15,'0000100024','2020-06-28',0),('760264513-8',1,'0000100024','2020-06-25',0),('259579784-0',14,'0000100025','2020-06-26',0),('672217513-8',1,'0000100025','2020-06-30',0),('843331705-9',5,'0000100025','2020-06-27',0),('872379238-8',5,'0000100025','2020-06-26',0),('356414253-3',9,'0000100026','2020-06-30',0),('925812482-0',8,'0000100026','2020-06-30',0),('170243376-5',14,'0000100027','2020-07-05',0),('222223087-X',4,'0000100027','2020-06-27',0),('585173205-9',9,'0000100027','2020-07-05',0),('851106761-2',8,'0000100027','2020-07-02',0),('951964371-0',13,'0000100028','2020-07-01',0),('214940353-6',1,'0000100029','2020-07-01',0),('385828979-5',6,'0000100029','2020-06-26',0),('769740772-8',6,'0000100029','2020-06-26',0),('055417113-9',2,'0000100030','2020-07-05',0),('421128511-4',2,'0000100031','2020-07-03',0),('672217513-8',3,'0000100031','2020-07-01',0),('760264513-8',10,'0000100031','2020-07-02',0),('083845517-4',1,'0000100032','2020-07-02',0),('343838580-5',5,'0000100032','2020-06-28',0),('742437654-3',6,'0000100032','2020-07-01',0),('756564271-1',11,'0000100032','2020-06-26',0),('867778553-1',7,'0000100032','2020-06-29',0),('875127371-3',10,'0000100032','2020-07-03',0),('226372696-9',7,'0000100033','2020-06-29',0),('292051296-X',3,'0000100033','2020-07-05',0),('421308038-2',6,'0000100033','2020-06-25',0),('733508116-5',13,'0000100033','2020-06-30',0),('744780754-0',9,'0000100033','2020-07-01',0),('801081738-4',8,'0000100033','2020-07-03',0),('554021569-9',10,'0000100034','2020-07-04',0),('165632171-8',2,'0000100035','2020-06-27',0),('222223087-X',1,'0000100035','2020-06-25',0),('356414253-3',2,'0000100035','2020-06-30',0),('369048652-1',1,'0000100035','2020-07-06',0),('712463375-3',11,'0000100035','2020-07-06',0),('947990234-6',3,'0000100035','2020-07-01',0),('004023598-X',5,'0000100036','2020-06-27',0),('516983356-3',12,'0000100036','2020-07-04',0),('875127371-3',8,'0000100036','2020-06-28',0),('976860084-5',1,'0000100036','2020-06-29',0),('000369692-8',7,'0000100037','2020-07-04',0),('136320382-7',13,'0000100037','2020-07-03',0),('290005808-2',4,'0000100037','2020-06-27',0),('653073623-9',5,'0000100037','2020-07-05',0),('927994979-9',10,'0000100037','2020-07-06',0),('087133062-8',5,'0000100038','2020-06-30',0),('253760945-X',12,'0000100038','2020-06-26',0),('385828979-5',8,'0000100038','2020-06-26',0),('554021569-9',8,'0000100038','2020-07-03',0),('712463375-3',12,'0000100038','2020-06-27',0),('264788349-1',5,'0000100039','2020-06-25',0),('362309208-8',1,'0000100039','2020-07-04',0),('362309208-8',2,'0000100039','2020-07-01',0),('101215590-0',4,'0000100040','2020-07-04',0),('526942871-7',15,'0000100040','2020-07-02',0),('657583349-7',9,'0000100040','2020-06-26',0),('769740772-8',3,'0000100040','2020-06-28',0),('816886703-3',8,'0000100040','2020-07-02',0),('946684198-X',12,'0000100040','2020-06-27',0),('004023598-X',7,'0000100041','2020-07-03',0),('214940353-6',15,'0000100041','2020-06-27',0),('362309208-8',10,'0000100041','2020-06-28',0),('733508116-5',10,'0000100041','2020-07-06',0),('421128511-4',4,'0000100042','2020-06-26',0),('510453377-8',3,'0000100042','2020-07-01',0),('226372696-9',13,'0000100043','2020-06-30',0),('740153355-3',6,'0000100043','2020-06-30',0),('769740772-8',7,'0000100043','2020-06-30',0),('292051296-X',16,'0000100044','2020-07-04',0),('521847642-0',15,'0000100044','2020-07-05',0),('927994979-9',3,'0000100044','2020-06-28',0),('085745713-6',3,'0000100045','2020-07-04',0),('136964378-0',10,'0000100045','2020-07-02',0),('175205668-X',11,'0000100045','2020-07-06',0),('264788349-1',7,'0000100045','2020-07-05',0),('663119553-5',9,'0000100045','2020-06-28',0),('022938411-0',5,'0000100046','2020-07-06',0),('076691563-8',5,'0000100046','2020-07-01',0),('136964378-0',16,'0000100046','2020-07-03',0),('192373118-1',17,'0000100046','2020-07-05',0),('194862546-6',7,'0000100046','2020-06-27',0),('372098427-3',5,'0000100046','2020-06-29',0),('509808775-9',5,'0000100046','2020-07-01',0),('517581126-6',4,'0000100046','2020-07-02',0),('851106761-2',15,'0000100046','2020-06-26',0),('050916783-7',5,'0000100047','2020-06-28',0),('087133062-8',8,'0000100047','2020-06-29',0),('131544489-5',2,'0000100047','2020-07-06',0),('507124152-8',4,'0000100047','2020-06-26',0),('509808775-9',2,'0000100047','2020-06-30',0),('947990234-6',4,'0000100047','2020-07-06',0),('296111646-5',2,'0000100048','2020-07-06',0),('331424241-7',7,'0000100048','2020-06-29',0),('712463375-3',14,'0000100048','2020-06-25',0),('768148078-1',6,'0000100048','2020-06-28',0),('836374770-X',2,'0000100048','2020-06-30',0),('086031288-7',13,'0000100049','2020-07-06',0),('087133062-8',1,'0000100049','2020-07-03',0),('093035174-6',2,'0000100049','2020-07-01',0),('364615054-8',1,'0000100049','2020-07-05',0),('469785019-X',6,'0000100049','2020-06-29',0),('502714957-3',6,'0000100049','2020-07-01',0),('087133062-8',9,'0000100050','2020-06-30',0),('292051296-X',10,'0000100050','2020-07-05',0),('661872594-1',7,'0000100050','2020-06-25',0),('744780754-0',3,'0000100050','2020-07-05',0),('165632171-8',6,'0000100051','2020-06-30',0),('167947701-3',8,'0000100051','2020-06-27',0),('594275024-6',10,'0000100051','2020-07-01',0),('600597433-5',6,'0000100051','2020-06-28',0),('925812482-0',5,'0000100051','2020-07-06',0),('004023598-X',1,'0000100052','2020-07-05',0),('214940353-6',10,'0000100052','2020-07-05',0),('492112694-1',2,'0000100052','2020-07-05',0),('843331705-9',10,'0000100052','2020-06-29',0),('951964371-0',5,'0000100052','2020-07-01',0),('165632171-8',4,'0000100053','2020-07-06',0),('170243376-5',16,'0000100053','2020-06-29',0),('171208472-0',2,'0000100053','2020-07-02',0),('175205668-X',8,'0000100053','2020-07-06',0),('421128511-4',3,'0000100053','2020-06-29',0),('825867311-4',4,'0000100053','2020-06-25',0),('836374770-X',1,'0000100053','2020-06-27',0),('192373118-1',7,'0000100054','2020-07-03',0),('657583349-7',17,'0000100054','2020-07-02',0),('851106761-2',11,'0000100054','2020-07-04',0),('022938411-0',18,'0000100055','2020-07-03',0),('867778553-1',11,'0000100055','2020-07-02',0),('000369692-8',5,'0000100056','2020-07-06',0),('083845517-4',3,'0000100056','2020-06-28',0),('175205668-X',3,'0000100056','2020-06-30',0),('733508116-5',11,'0000100056','2020-07-05',0),('756564271-1',5,'0000100056','2020-06-29',0),('170243376-5',4,'0000100057','2020-06-26',0),('184722570-5',3,'0000100057','2020-07-04',0),('516983356-3',8,'0000100057','2020-07-04',0),('526942871-7',5,'0000100057','2020-06-25',0),('594275024-6',7,'0000100057','2020-06-30',0),('661872594-1',15,'0000100057','2020-06-29',0),('857627191-5',3,'0000100057','2020-07-06',0),('362309208-8',8,'0000100058','2020-06-28',0),('752213396-3',4,'0000100058','2020-06-29',0),('222223087-X',16,'0000100059','2020-06-27',0),('264788349-1',6,'0000100059','2020-06-28',0),('296111646-5',1,'0000100059','2020-06-26',0),('875127371-3',1,'0000100059','2020-07-06',0),('147191251-5',12,'0000100060','2020-07-03',0),('857627191-5',13,'0000100060','2020-07-06',0),('863050834-5',7,'0000100060','2020-06-26',0),('951964371-0',12,'0000100060','2020-06-27',0),('259579784-0',9,'0000100061','2020-06-26',0),('371268896-2',5,'0000100061','2020-07-01',0),('733508116-5',5,'0000100061','2020-06-25',0),('760264513-8',13,'0000100061','2020-07-06',0),('607745120-7',8,'0000100062','2020-07-06',0),('733508116-5',1,'0000100062','2020-07-06',0),('192373118-1',14,'0000100063','2020-06-29',0),('259418123-4',2,'0000100063','2020-07-02',0),('000369692-8',8,'0000100064','2020-07-06',0),('068254989-4',7,'0000100064','2020-07-04',0),('259579784-0',12,'0000100064','2020-06-30',0),('351898785-2',4,'0000100064','2020-06-29',0),('372098427-3',3,'0000100064','2020-07-05',0),('421308038-2',3,'0000100064','2020-07-05',0),('554021569-9',15,'0000100064','2020-06-26',0),('653073623-9',1,'0000100064','2020-06-29',0),('657583349-7',19,'0000100064','2020-06-27',0),('786395256-5',2,'0000100064','2020-07-04',0),('843331705-9',3,'0000100064','2020-06-28',0),('851106761-2',10,'0000100064','2020-07-06',0),('280992700-6',7,'0000100065','2020-06-28',0),('384050463-5',4,'0000100065','2020-07-01',0),('404884623-X',5,'0000100065','2020-06-28',0),('611928800-7',1,'0000100065','2020-06-30',0),('014330257-4',9,'0000100066','2020-07-02',0),('184722570-5',1,'0000100066','2020-07-05',0),('292051296-X',1,'0000100066','2020-07-06',0),('663119553-5',2,'0000100066','2020-06-28',0),('004023598-X',8,'0000100067','2020-07-02',0),('226372696-9',18,'0000100067','2020-07-03',0),('296111646-5',10,'0000100067','2020-07-02',0),('347737564-5',10,'0000100067','2020-07-05',0),('492112694-1',1,'0000100067','2020-06-26',0),('786395256-5',6,'0000100067','2020-07-03',0),('860964250-X',4,'0000100067','2020-07-06',0),('870560200-9',9,'0000100067','2020-07-06',0),('075305079-X',2,'0000100068','2020-07-03',0),('132261731-7',2,'0000100068','2020-07-01',0),('711604128-1',8,'0000100068','2020-07-02',0),('015674765-0',10,'0000100069','2020-07-05',0),('292051296-X',17,'0000100069','2020-07-01',0),('351898785-2',3,'0000100069','2020-06-28',0),('521847642-0',10,'0000100069','2020-06-26',0),('060088686-7',5,'0000100070','2020-07-05',0),('147191251-5',13,'0000100070','2020-07-05',0),('421308038-2',8,'0000100070','2020-06-28',0),('760264513-8',14,'0000100070','2020-06-27',0),('255439894-1',1,'0000100072','2020-07-03',0),('280992700-6',9,'0000100072','2020-07-03',0),('023019395-1',5,'0000100073','2020-06-28',0),('167947701-3',7,'0000100073','2020-06-28',0),('192373118-1',11,'0000100073','2020-07-01',0),('502714957-3',4,'0000100073','2020-07-03',0),('585173205-9',1,'0000100073','2020-06-25',0),('194862546-6',10,'0000100074','2020-06-27',0),('526942871-7',12,'0000100074','2020-06-30',0),('585173205-9',12,'0000100074','2020-07-06',0),('829509196-4',8,'0000100074','2020-06-28',0),('836374770-X',14,'0000100074','2020-07-05',0),('387623794-7',2,'0000100075','2020-06-28',0),('801081738-4',9,'0000100075','2020-06-29',0),('023019395-1',12,'0000100076','2020-07-05',0),('052706515-3',3,'0000100076','2020-07-06',0),('711604128-1',12,'0000100076','2020-06-26',0),('290005808-2',9,'0000100077','2020-06-26',0),('712463375-3',16,'0000100077','2020-06-29',0),('872379238-8',1,'0000100077','2020-06-29',0),('946684198-X',8,'0000100078','2020-07-06',0),('663119553-5',6,'0000100079','2020-07-06',0),('816886703-3',9,'0000100079','2020-07-03',0),('184722570-5',12,'0000100080','2020-07-03',0),('290005808-2',5,'0000100080','2020-06-26',0),('387623794-7',5,'0000100080','2020-06-25',0),('607745120-7',12,'0000100080','2020-07-03',0),('927994979-9',18,'0000100080','2020-06-28',0),('004023598-X',9,'0000100081','2020-07-04',0),('009140312-X',11,'0000100081','2020-07-05',0),('226372696-9',15,'0000100081','2020-06-28',0),('387623794-7',8,'0000100081','2020-06-28',0),('542931356-4',6,'0000100081','2020-06-28',0),('521847642-0',3,'0000100082','2020-07-06',0),('594275024-6',4,'0000100082','2020-07-01',0),('663119553-5',17,'0000100082','2020-07-06',0),('744780754-0',4,'0000100082','2020-06-28',0),('927994979-9',13,'0000100082','2020-06-30',0),('966859767-2',6,'0000100082','2020-07-01',0),('170243376-5',2,'0000100083','2020-07-01',0),('284203566-6',8,'0000100083','2020-07-02',0),('284203566-6',11,'0000100083','2020-07-03',0),('405663612-5',1,'0000100083','2020-07-01',0),('405663612-5',7,'0000100083','2020-07-04',0),('663119553-5',5,'0000100083','2020-07-02',0),('816886703-3',10,'0000100083','2020-06-25',0),('076691563-8',10,'0000100084','2020-07-03',0),('131544489-5',1,'0000100084','2020-07-01',0),('333748888-9',1,'0000100084','2020-07-01',0),('356414253-3',3,'0000100084','2020-06-30',0),('554021569-9',11,'0000100084','2020-07-02',0),('657583349-7',12,'0000100084','2020-07-05',0),('863050834-5',4,'0000100084','2020-07-06',0),('004023598-X',6,'0000100085','2020-07-03',0),('372098427-3',14,'0000100085','2020-06-28',0),('554021569-9',3,'0000100085','2020-06-25',0),('816886703-3',4,'0000100085','2020-06-27',0),('870560200-9',6,'0000100085','2020-06-27',0),('000369692-8',10,'0000100086','2020-06-29',0),('554021569-9',12,'0000100086','2020-06-26',0),('978061177-0',7,'0000100086','2020-06-29',0),('992229254-8',6,'0000100086','2020-07-04',0),('184722570-5',10,'0000100087','2020-07-01',0),('184722570-5',11,'0000100087','2020-07-03',0),('331424241-7',11,'0000100087','2020-07-03',0),('372098427-3',2,'0000100087','2020-06-30',0),('387623794-7',3,'0000100087','2020-07-04',0),('554021569-9',16,'0000100087','2020-07-03',0),('867778553-1',1,'0000100087','2020-07-01',0),('992229254-8',8,'0000100087','2020-06-28',0),('136320382-7',5,'0000100088','2020-06-26',0),('182342356-6',5,'0000100088','2020-06-27',0),('501862280-6',10,'0000100088','2020-06-26',0),('542931356-4',8,'0000100088','2020-06-29',0),('653175736-1',4,'0000100088','2020-06-30',0),('760264513-8',11,'0000100088','2020-06-28',0),('076691563-8',3,'0000100089','2020-07-06',0),('600597433-5',7,'0000100089','2020-06-29',0),('661872594-1',14,'0000100089','2020-07-05',0),('023019395-1',9,'0000100090','2020-07-04',0),('165632171-8',5,'0000100090','2020-07-06',0),('836374770-X',4,'0000100090','2020-06-29',0),('870560200-9',12,'0000100090','2020-07-03',0),('951964371-0',3,'0000100090','2020-06-29',0),('387623794-7',7,'0000100091','2020-07-03',0),('946684198-X',19,'0000100091','2020-07-03',0),('083845517-4',7,'0000100092','2020-07-06',0),('356414253-3',11,'0000100092','2020-06-28',0),('421128511-4',11,'0000100092','2020-06-27',0),('857627191-5',11,'0000100092','2020-07-03',0),('101215590-0',3,'0000100093','2020-07-06',0),('170243376-5',8,'0000100093','2020-07-03',0),('226372696-9',8,'0000100093','2020-07-06',0),('457456450-4',2,'0000100093','2020-06-26',0),('672560381-5',11,'0000100093','2020-06-28',0),('768148078-1',10,'0000100093','2020-07-02',0),('825867311-4',2,'0000100093','2020-07-01',0),('825867311-4',7,'0000100093','2020-07-02',0),('093035174-6',1,'0000100094','2020-06-27',0),('136964378-0',4,'0000100094','2020-07-04',0),('369048652-1',2,'0000100094','2020-07-01',0),('004023598-X',4,'0000100095','2020-07-02',0),('022938411-0',12,'0000100095','2020-06-30',0),('222223087-X',6,'0000100095','2020-07-06',0),('517581126-6',3,'0000100095','2020-07-05',0),('554021569-9',18,'0000100095','2020-06-27',0),('265972215-3',2,'0000100096','2020-07-03',0),('760264513-8',6,'0000100096','2020-06-27',0),('136964378-0',2,'0000100097','2020-07-01',0),('432587582-4',2,'0000100097','2020-07-03',0),('432587582-4',3,'0000100097','2020-06-27',0),('536751983-0',10,'0000100097','2020-07-02',0),('560211284-7',1,'0000100097','2020-06-29',0),('698429931-4',1,'0000100097','2020-07-04',0),('170243376-5',9,'0000100098','2020-06-26',0),('536751983-0',4,'0000100098','2020-07-06',0),('009140312-X',2,'0000100099','2020-06-25',0),('147191251-5',14,'0000100099','2020-06-29',0),('222223087-X',8,'0000100099','2020-07-01',0),('253760945-X',9,'0000100099','2020-06-28',0),('502714957-3',8,'0000100099','2020-07-05',0),('663119553-5',10,'0000100099','2020-06-28',0),('946684198-X',10,'0000100099','2020-07-02',0),('015674765-0',11,'0000100100','2020-07-06',0),('387623794-7',1,'0000100100','2020-07-05',0),('492112694-1',10,'0000100100','2020-06-30',0),('584224789-5',2,'0000100100','2020-07-03',0),('775940054-3',15,'0000100100','2020-06-26',0);
/*!40000 ALTER TABLE `PRESTITO` ENABLE KEYS */;
UNLOCK TABLES;

--
-- Table structure for table `SCRIVE`
--

DROP TABLE IF EXISTS `SCRIVE`;
/*!40101 SET @saved_cs_client     = @@character_set_client */;
/*!40101 SET character_set_client = utf8 */;
CREATE TABLE `SCRIVE` (
  `ISBN` char(11) NOT NULL,
  `ID_AUT` int(11) NOT NULL,
  PRIMARY KEY (`ISBN`,`ID_AUT`),
  KEY `ID_AUT` (`ID_AUT`),
  CONSTRAINT `scrive_ibfk_1` FOREIGN KEY (`ISBN`) REFERENCES `LIBRO` (`ISBN`) ON DELETE CASCADE,
  CONSTRAINT `scrive_ibfk_2` FOREIGN KEY (`ID_AUT`) REFERENCES `AUTORE` (`ID_AUT`) ON UPDATE CASCADE
) ENGINE=InnoDB DEFAULT CHARSET=latin1;
/*!40101 SET character_set_client = @saved_cs_client */;

--
-- Dumping data for table `SCRIVE`
--

LOCK TABLES `SCRIVE` WRITE;
/*!40000 ALTER TABLE `SCRIVE` DISABLE KEYS */;
INSERT INTO `SCRIVE` VALUES ('052706515-3',1),('129488690-8',1),('584224789-5',1),('843331705-9',1),('086031288-7',2),('101215590-0',2),('226372696-9',2),('253760945-X',2),('331424241-7',2),('384050463-5',2),('394873350-3',2),('814543114-X',2),('371268896-2',3),('515279116-1',3),('829509196-4',3),('829914597-X',3),('992229254-8',3),('280992700-6',4),('515279116-1',4),('192373118-1',5),('384050463-5',5),('653175736-1',5),('190222315-2',6),('368968937-6',6),('526942871-7',6),('925812482-0',6),('015674765-0',7),('060088686-7',7),('137066182-7',7),('947990234-6',7),('065646345-7',8),('068254989-4',8),('301170811-8',8),('385828979-5',8),('756564271-1',8),('829914597-X',8),('976860084-5',8),('300485539-9',9),('404884623-X',9),('560211284-7',9),('672560381-5',9),('927994979-9',9),('946684198-X',9),('004023598-X',10),('384050463-5',10),('389625239-9',10),('594275024-6',10),('836374770-X',10),('970334328-7',10),('000369692-8',11),('271280652-2',11),('507124152-8',11),('594275024-6',11),('086031288-7',12),('394873350-3',12),('469785019-X',12),('872379238-8',12),('947990234-6',12),('976860084-5',12),('255439894-1',13),('404884623-X',13),('421128511-4',13),('989371762-0',13),('023019395-1',14),('136964378-0',14),('343838580-5',14),('368990830-2',14),('421308038-2',14),('521329516-9',14),('554021569-9',14),('560211284-7',14),('875127371-3',14),('101215590-0',15),('526942871-7',15),('801081738-4',15),('343838580-5',16),('405663612-5',16),('816886703-3',16),('843331705-9',16),('887526619-0',16),('992229254-8',16),('255439894-1',17),('290005808-2',17),('371268896-2',17),('372098427-3',17),('136320382-7',18),('253760945-X',18),('256739345-5',18),('368990830-2',18),('521329516-9',18),('536751983-0',18),('594275024-6',18),('976860084-5',18),('022938411-0',19),('364615054-8',19),('663119553-5',19),('875127371-3',19),('887526619-0',19),('946684198-X',19),('989371762-0',19),('184722570-5',20),('385828979-5',20),('457456450-4',20),('536751983-0',20),('565659819-5',20),('585173205-9',20),('666013383-6',20),('083845517-4',21),('542931356-4',21),('595626866-2',21),('657583349-7',21),('009140312-X',22),('214940353-6',22),('386397507-3',22),('672560381-5',22),('860964250-X',22),('945660604-X',22),('065646345-7',23),('368515943-7',23),('376459959-6',23),('521847642-0',23),('657583349-7',23),('671158165-2',23),('786395256-5',23),('004023598-X',24),('394873350-3',24),('526942871-7',24),('756564271-1',24),('168316748-1',25),('280992700-6',25),('672560381-5',25),('945660604-X',25),('167947701-3',26),('372098427-3',26),('469785019-X',26),('502714957-3',26),('769740772-8',26),('147191251-5',27),('165632171-8',27),('368990830-2',27),('385828979-5',27),('517581126-6',27),('584224789-5',27),('711604128-1',27),('825867311-4',27),('851106761-2',27),('860964250-X',27),('672560381-5',28),('698429931-4',28),('421128511-4',29),('510453377-8',29),('542931356-4',29),('093035174-6',30),('101215590-0',30),('296111646-5',30),('584224789-5',30),('976860084-5',30),('265972215-3',31),('356414253-3',31),('585173205-9',31),('970334328-7',31),('436501926-0',32),('179592990-1',33),('425111017-X',33),('565659819-5',33),('927994979-9',33),('351898785-2',34),('510453377-8',34),('131544489-5',35),('168316748-1',35),('216013488-0',35),('435456826-8',35),('469863297-8',35),('554021569-9',35),('299282269-8',36),('585173205-9',36),('801081738-4',36),('860964250-X',36),('343838580-5',37),('421308038-2',37),('469785019-X',37),('510453377-8',37),('517581126-6',37),('296111646-5',38),('441842932-8',38),('457456450-4',38),('945660604-X',38),('022938411-0',39),('167947701-3',39),('347737564-5',39),('351898785-2',39),('131544489-5',40),('296111646-5',40),('385828979-5',40),('404884623-X',40),('925812482-0',40),('004023598-X',41),('055417113-9',41),('147191251-5',41),('171208472-0',41),('507124152-8',41),('769740772-8',41),('857627191-5',41),('009047587-9',42),('184722570-5',42),('432587582-4',42),('698429931-4',42),('870560200-9',42),('887526619-0',42),('998941371-1',42),('052706515-3',43),('661872594-1',43),('925812482-0',43),('970334328-7',43),('194862546-6',44),('860964250-X',44),('050916783-7',45),('182342356-6',45),('256739345-5',45),('271280652-2',45),('347737564-5',45),('421128511-4',45),('672560381-5',45),('946684198-X',45),('216013488-0',46),('376459959-6',46),('469863297-8',46),('492112694-1',46),('507124152-8',46),('752213396-3',46),('756564271-1',46),('132261731-7',47),('386397507-3',47),('542931356-4',47),('666013383-6',47),('752213396-3',47),('825867311-4',47),('976860084-5',47),('992229254-8',47),('385828979-5',48),('386397507-3',48),('536751983-0',48),('653175736-1',48),('744780754-0',48),('006821799-4',49),('103300276-3',49),('259579784-0',49),('343838580-5',49),('421308038-2',49),('872379238-8',49),('970334328-7',49),('976860084-5',49),('009047587-9',50),('023019395-1',50),('264788349-1',50),('565659819-5',50),('595626866-2',50),('369048652-1',51),('457456450-4',51),('653175736-1',51),('296111646-5',52),('660038142-6',52),('368990830-2',53),('507124152-8',53),('600597433-5',53),('814543114-X',53),('296111646-5',54),('364615054-8',54),('786395256-5',54),('000369692-8',55),('132261731-7',55),('216013488-0',55),('405663612-5',55),('425111017-X',55),('671158165-2',55),('742437654-3',55),('300485539-9',56),('362309208-8',56),('387623794-7',56),('492112694-1',56),('554021569-9',56),('740153355-3',56),('752213396-3',56),('836374770-X',56),('872379238-8',56),('015674765-0',57),('103300276-3',57),('366292343-2',57),('947990234-6',57),('376459959-6',58),('405663612-5',58),('740153355-3',58),('851106761-2',58),('014330257-4',59),('076691563-8',59),('284203566-6',59),('594275024-6',59),('666013383-6',59),('867778553-1',59),('875127371-3',59),('085745713-6',60),('226372696-9',60),('405663612-5',60),('502714957-3',60),('521847642-0',60),('712463375-3',60),('976860084-5',60),('182342356-6',61),('264788349-1',61),('857627191-5',61),('925812482-0',61),('976860084-5',61),('601546113-6',62),('825867311-4',62),('857627191-5',62),('863050834-5',62),('872379238-8',62),('216013488-0',63),('432587582-4',63),('502714957-3',63),('507124152-8',63),('829914597-X',63),('369048652-1',64),('970334328-7',64),('280992700-6',65),('333748888-9',65),('515279116-1',65),('672217513-8',65),('966859767-2',65),('129488690-8',66),('222223087-X',66),('368968937-6',66),('394873350-3',66),('405663612-5',66),('661872594-1',66),('666013383-6',66),('951964371-0',66),('175205668-X',67),('264788349-1',67),('432587582-4',67),('515279116-1',67),('542931356-4',67),('698429931-4',67),('860964250-X',67),('989371762-0',67),('050916783-7',68),('226372696-9',68),('299282269-8',68),('331424241-7',68),('584224789-5',68),('101215590-0',69),('331424241-7',69),('457456450-4',69),('509808775-9',69),('698429931-4',69),('168316748-1',70),('372098427-3',70),('521329516-9',70),('760264513-8',70),('023019395-1',71),('068254989-4',71),('093035174-6',71),('526942871-7',71),('565659819-5',71),('760264513-8',71),('769740772-8',71),('989371762-0',71),('022938411-0',72),('060088686-7',72),('136320382-7',72),('147191251-5',72),('158999545-7',72),('387623794-7',72),('356414253-3',73),('385828979-5',73),('386397507-3',73),('526942871-7',73),('829509196-4',73),('857627191-5',73),('672217513-8',74),('672560381-5',74),('775940054-3',74),('786395256-5',74),('816886703-3',74),('863050834-5',74),('009140312-X',75),('103300276-3',75),('167947701-3',75),('554021569-9',75),('970334328-7',75),('301170811-8',76),('368968937-6',76),('945660604-X',76),('170243376-5',77),('515279116-1',77),('666013383-6',77),('087133062-8',78),('175205668-X',78),('253760945-X',78),('265972215-3',78),('333748888-9',78),('435456826-8',78),('436501926-0',78),('976860084-5',78),('009140312-X',79),('364615054-8',79),('653073623-9',79),('192373118-1',80),('733508116-5',80),('065646345-7',81),('087133062-8',82),('093035174-6',82),('346481000-3',82),('449571196-2',82),('501862280-6',82),('516983356-3',82),('653175736-1',82),('744780754-0',82),('872379238-8',82),('976860084-5',82),('055417113-9',83),('093035174-6',83),('356414253-3',83),('744780754-0',83),('887526619-0',83),('978061177-0',83),('006821799-4',84),('271280652-2',84),('560797299-2',84),('711604128-1',84),('190222315-2',85),('507124152-8',85),('966859767-2',85),('175205668-X',86),('284203566-6',86),('343838580-5',86),('347737564-5',86),('441842932-8',86),('875127371-3',86),('978061177-0',86),('006821799-4',87),('132261731-7',87),('271280652-2',87),('300485539-9',87),('366292343-2',87),('376459959-6',87),('441842932-8',87),('925812482-0',87),('226372696-9',88),('368968937-6',88),('515279116-1',88),('666013383-6',88),('836374770-X',88),('843331705-9',88),('023019395-1',89),('184722570-5',89),('259418123-4',89),('542931356-4',89),('607745120-7',89),('014330257-4',90),('226372696-9',90),('299282269-8',90),('421128511-4',90),('740153355-3',90),('872379238-8',90),('945660604-X',90),('136964378-0',91),('179592990-1',91),('405663612-5',91),('672560381-5',91),('867778553-1',91),('101215590-0',92),('515279116-1',92),('601546113-6',92),('925812482-0',92),('060088686-7',93),('065646345-7',93),('075305079-X',93),('259579784-0',93),('284203566-6',93),('292051296-X',93),('299282269-8',93),('769740772-8',93),('851106761-2',93),('872379238-8',93),('182342356-6',94),('366292343-2',94),('492112694-1',94),('158999545-7',95),('384050463-5',95),('391578830-9',95),('515279116-1',95),('607745120-7',95),('863050834-5',95),('887526619-0',95),('052706515-3',96),('404884623-X',96),('768148078-1',96),('065646345-7',97),('259579784-0',97),('672560381-5',97),('004023598-X',98),('132261731-7',98),('387623794-7',98),('425111017-X',98),('666013383-6',98),('000369692-8',99),('015674765-0',99),('404884623-X',99),('611928800-7',99),('711604128-1',99),('712463375-3',99),('182342356-6',100),('214940353-6',100),('368515943-7',100),('457456450-4',100),('775940054-3',100);
/*!40000 ALTER TABLE `SCRIVE` ENABLE KEYS */;
UNLOCK TABLES;

--
-- Table structure for table `STUDENTE`
--

DROP TABLE IF EXISTS `STUDENTE`;
/*!40101 SET @saved_cs_client     = @@character_set_client */;
/*!40101 SET character_set_client = utf8 */;
CREATE TABLE `STUDENTE` (
  `MATRICOLA` char(10) NOT NULL,
  `NOME` varchar(30) NOT NULL,
  `COGNOME` varchar(30) NOT NULL,
  `NUMERO_TELEFONO` varchar(15) NOT NULL,
  `VIA` varchar(30) DEFAULT NULL,
  `CIVICO` varchar(4) DEFAULT NULL,
  `CAP` char(5) DEFAULT NULL,
  `CITTA` varchar(10) DEFAULT NULL,
  PRIMARY KEY (`MATRICOLA`)
) ENGINE=InnoDB DEFAULT CHARSET=latin1;
/*!40101 SET character_set_client = @saved_cs_client */;

--
-- Dumping data for table `STUDENTE`
--

LOCK TABLES `STUDENTE` WRITE;
/*!40000 ALTER TABLE `STUDENTE` DISABLE KEYS */;
INSERT INTO `STUDENTE` VALUES ('0000100001','Saveria','Mancinia','0521-2555-72','Viale Vesuvioa','9','48121','Ravenna'),('0000100002','Stefano','Colombo','0525-5556-05','Viale Accademia','46','45100','Rovigo'),('0000100003','Ennio','Barbieri','0984-5554-872','Piazza Raffaello','55','44121','Ferrara'),('0000100004','Umberto','Mason','0578-5559-61','Piazza Raffaello','16','44121','Ferrara'),('0000100005','Venceslao','Mancini','0578-5555-4442','Corso Goffredo Mameli','5','44121','Ferrara'),('0000100006','Agatino','Mason','055-5554-07','Via Giulio Cesare','5','44121','Ferrara'),('0000100007','Carola','Miller','0141-5556-1973','Corso Marco Polo','64','35121','Padova'),('0000100008','Pio','Greco','05345553-1334','Piazza Magellano','10','30100','Venezia'),('0000100009','Stella','Miller','0544-0155-5137','Viale Cesare Battisti','21','48121','Ravenna'),('0000100010','Cornelia','Mason','0584-0555-61','Viale Goffredo Mameli','58','41121','Modena'),('0000100011','Henryk','Perez','0545-0155-543','Piazza Augusto','48','35121','Padova'),('0000100012','Henryk','Mitchell','0985-2555-495','Corso Traiano','67','40121','Bologna'),('0000100013','Regina','Rinaldi','051-5558-2398','Viale Virgilio','30','35121','Padova'),('0000100014','Vincenza','Mancini','055-1555-4182','Viale Accademia','16','48121','Ravenna'),('0000100015','Pio','Perez','0566-5558-37','Viale Foscolo','59','44121','Ferrara'),('0000100016','Carola','Mancini','0985-5552-50','Viale Garibaldi','63','35121','Padova'),('0000100017','Stefano','Lombardi','0535-5553-02','Piazza Roma','19','41121','Modena'),('0000100018','Carola','Gallo','0577-5553-480','Piazza Dante','60','48121','Ravenna'),('0000100019','Nikole','Fontana','0583-5555-4442','Via Augusto','68','30100','Venezia'),('0000100020','Venceslao','Fontana','04225553-1334','Via Don Bosco','68','45100','Rovigo'),('0000100021','Umberto','Mitchell','0583-5556-1973','Piazza Roma','25','36100','Vicenza'),('0000100022','Nikole','Russo','0573-5559-61','Corso Dante','34','48121','Ravenna'),('0000100023','Loris','Lombardi','0536-5554-07','Viale Goffredo Mameli','47','36100','Vicenza'),('0000100024','Carola','Mancini','0521-5553-02','Piazza Virgilio','19','45100','Rovigo'),('0000100025','Agatino','Fontana','0422-5558-037','Corso Cristoforo Colombo','19','45100','Rovigo'),('0000100026','Tommaso','Barbieri','0166-2555-72','Corso Vesuvio','37','44121','Ferrara'),('0000100027','Edmond','Fontana','0578-5555-4947','Piazza Costantino','1','30100','Venezia'),('0000100028','Loris','Mason','0541-5554-1932','Via Vesuvio','19','36100','Vicenza'),('0000100029','Tommaso','Gallo','0161-1555-25','Viale Roma','38','48121','Ravenna'),('0000100030','Ennio','Mitchell','0171-5555-4947','Via Marco Polo','26','40121','Bologna'),('0000100031','Vincenza','Barbieri','0523-0155-543','Piazza Marco Polo','78','40121','Bologna'),('0000100032','Cornelia','Ferrari','0586-0155-5137','Via Alcide De Gasperi','6','40121','Bologna'),('0000100033','Cornelia','Lombardi','0577-5554-872','Piazza Garibaldi','69','41121','Modena'),('0000100034','Vincenza','Lucas','059-5555-532','Via Magellano','4','35121','Padova'),('0000100035','Venceslao','Gallo','0173-5553-480','Corso Roma','41','41121','Modena'),('0000100036','Cornelia','Lucas','05855553-1334','Viale Ateneo','16','30100','Venezia'),('0000100037','Stefano','Lombardi','05345553-1334','Via Piave','21','36100','Vicenza'),('0000100038','Pio','Lombardi','0166-5556-05','Viale Giulio Cesare','55','30100','Venezia'),('0000100039','Regina','Gallo','0547-5559-1507','Via Piave','7','30100','Venezia'),('0000100040','Carola','Ferrari','0131-5555-532','Piazza Marco Polo','6','36100','Vicenza'),('0000100041','Stefano','Gallo','0572-5554-872','Piazza Accademia','26','45100','Rovigo'),('0000100042','Beniamino','Mancini','05712555-89','Viale Vesuvio','24','45100','Rovigo'),('0000100043','Stella','Fontana','05862555-5008','Piazza Cesare Battisti','43','35121','Padova'),('0000100044','Cornelia','Miller','0564-5554-1932','Via Don Bosco','43','36100','Vicenza'),('0000100045','Vincenzo','Colombo','0544-5555-2493','Viale Piave','7','40121','Bologna'),('0000100046','Ennio','Russo','01652555-89','Piazza Enrico Fermi','27','40121','Bologna'),('0000100047','Henryk','Perez','0546-555-95','Via Ateneo','74','35121','Padova'),('0000100048','Beniamino','Colombo','0546-1555-4182','Piazza Accademia','52','30100','Venezia'),('0000100049','Agatino','Martin','0131-5555-296','Piazza Don Bosco','0','30100','Venezia'),('0000100050','Henryk','Greco','0522-5552-493','Corso Verdi','3','48121','Ravenna'),('0000100051','Loris','Mitchell','0547-5558-37','Viale Verdi','71','36100','Vicenza'),('0000100052','Nikole','Martin','0131-0555-61','Viale Giulio Cesare','5','45100','Rovigo'),('0000100053','Stella','Russo','0521-5552-226','Corso Magellano','58','40121','Bologna'),('0000100054','Stella','Fontana','0144-5556-1973','Piazza Cristoforo Colombo','53','45100','Rovigo'),('0000100055','Agatino','Mancini','04215553-0419','Corso Accademia','39','45100','Rovigo'),('0000100056','Ennio','Miller','0166-1555-25','Corso Costantino','65','40121','Bologna'),('0000100057','Tommaso','Mason','0142-5555-296','Via Traiano','25','40121','Bologna'),('0000100058','Loris','Miller','0171-1555-25','Via Marco Polo','68','44121','Ferrara'),('0000100059','Vincenzo','Lombardi','05455559-3046','Corso Dante','45','44121','Ferrara'),('0000100060','Henryk','Gallo','0587-5555-9171','Piazza Giulio Cesare','12','30100','Venezia'),('0000100061','Venceslao','Ferrari','01741555-4097','Piazza Goffredo Mameli','16','30100','Venezia'),('0000100062','Nikole','Martin','0574-5555-4947','Corso Garibaldi','37','30100','Venezia'),('0000100063','Tommaso','Fontana','0541-5555-4442','Corso Garibaldi','78','45100','Rovigo'),('0000100064','Agatino','Colombo','0143-5553-480','Viale Augusto','12','44121','Ferrara'),('0000100065','Cornelia','Lucas','06-5555-4442','Viale Dante','3','45100','Rovigo'),('0000100066','Carola','Colombo','0533-0555-61','Corso Don Bosco','12','41121','Modena'),('0000100067','Cornelia','Lombardi','015-1555-4182','Via Piave','45','45100','Rovigo'),('0000100068','Saveria','Perez','050-5556-1973','Piazza Enrico Fermi','2','41121','Modena'),('0000100069','Cornelia','Perez','0161-555-95','Piazza Costantino','71','40121','Bologna'),('0000100070','Venceslao','Martin','0536-5555-4442','Piazza Roma','12','41121','Modena'),('0000100071','Beniamino','Gallo','0573-5552-226','Piazza Foscolo','31','45100','Rovigo'),('0000100072','Loris','Lucas','0171-5552-50','Piazza Cristoforo Colombo','68','40121','Bologna'),('0000100073','Venceslao','Rinaldi','05855559-3046','Corso Piave','0','30100','Venezia'),('0000100074','Saveria','Ferrari','0547-5557-57','Via Dante','41','44121','Ferrara'),('0000100075','Venceslao','Rinaldi','0144-0555-589','Corso Piave','23','35121','Padova'),('0000100076','Cornelia','Barbieri','0575-5552-226','Viale Enrico Fermi','38','36100','Vicenza'),('0000100077','Stefano','Martin','0172-1555-25','Viale Foscolo','17','45100','Rovigo'),('0000100078','Ennio','Mason','051-0555-61','Piazza Goffredo Mameli','8','45100','Rovigo'),('0000100079','Nikole','Perez','0174-5552-493','Via Accademia','58','30100','Venezia'),('0000100080','Vincenzo','Gallo','0521-5557-57','Via Cesare Battisti','11','45100','Rovigo'),('0000100081','Cornelia','Ferrari','041-5554-07','Corso Ateneo','15','30100','Venezia'),('0000100082','Saveria','Ferrari','0421-5558-2398','Via Virgilio','44','40121','Bologna'),('0000100083','Beniamino','Barbieri','05335559-3046','Via Piave','44','40121','Bologna'),('0000100084','Ennio','Colombo','0587-5554-872','Corso Costantino','40','48121','Ravenna'),('0000100085','Cornelia','Colombo','0173-555-95','Corso Costantino','13','30100','Venezia'),('0000100086','Pio','Mancini','041-1555-72','Viale Traiano','10','41121','Modena'),('0000100087','Pio','Miller','059-5554-872','Piazza Enrico Fermi','64','41121','Modena'),('0000100088','Tommaso','Perez','06-5555-9171','Via Dante','64','45100','Rovigo'),('0000100089','Henryk','Perez','0985-5559-1507','Piazza Foscolo','0','35121','Padova'),('0000100090','Pio','Gallo','0575-0155-543','Corso Enrico Fermi','38','45100','Rovigo'),('0000100091','Venceslao','Lucas','0523-0555-61','Viale Costantino','26','36100','Vicenza'),('0000100092','Beniamino','Mitchell','0521-5555-296','Piazza Foscolo','24','36100','Vicenza'),('0000100093','Beniamino','Gallo','055-5558-2398','Via Piave','75','40121','Bologna'),('0000100094','Edmond','Ferrari','0547-5555-4442','Corso Raffaello','35','44121','Ferrara'),('0000100095','Carola','Greco','05252555-89','Via Cristoforo Colombo','16','30100','Venezia'),('0000100096','Loris','Colombo','0144-5555-532','Viale Cristoforo Colombo','67','30100','Venezia'),('0000100097','Henryk','Mason','0584-0155-5137','Corso Enrico Fermi','3','35121','Padova'),('0000100098','Umberto','Russo','0535-1555-72','Piazza Traiano','38','48121','Ravenna'),('0000100099','Umberto','Fontana','05785553-0419','Piazza Traiano','67','44121','Ferrara'),('0000100100','Carola','Greco','0536-5555-2493','Corso Costantino','54','44121','Ferrara');
/*!40000 ALTER TABLE `STUDENTE` ENABLE KEYS */;
UNLOCK TABLES;
/*!40103 SET TIME_ZONE=@OLD_TIME_ZONE */;

/*!40101 SET SQL_MODE=@OLD_SQL_MODE */;
/*!40014 SET FOREIGN_KEY_CHECKS=@OLD_FOREIGN_KEY_CHECKS */;
/*!40014 SET UNIQUE_CHECKS=@OLD_UNIQUE_CHECKS */;
/*!40101 SET CHARACTER_SET_CLIENT=@OLD_CHARACTER_SET_CLIENT */;
/*!40101 SET CHARACTER_SET_RESULTS=@OLD_CHARACTER_SET_RESULTS */;
/*!40101 SET COLLATION_CONNECTION=@OLD_COLLATION_CONNECTION */;
/*!40111 SET SQL_NOTES=@OLD_SQL_NOTES */;

-- Dump completed on 2020-07-11 12:50:27
